Underlying Ticker,Ticker,Leverage,Average Daily Volume,Dollar Volume,Date Last Updated
AAL,AALG,2x,61702.0,629351.0,2026-10-09
AAOI,AAOG,2x,3558721.0,8685506.0,2026-10-09
AAOI,AAOX,2x,9660944.0,104483752.0,2026-10-09
AAPL,AAPB,2x,32959.0,1404337.0,2026-10-09
AAPL,AAPE,2x,17887.0,283362.0,2026-10-09
AAPL,AAPU,2x,1429040.0,61836928.0,2026-10-09
AAPL,AAPX,2x,76986.0,2999722.0,2026-10-09
AAPL,IOSX,2x,110.0,3634.0,2026-10-08
ACHR,ACHX,2x,1037.0,29196.0,2026-10-08
ACHR,ARCX,2x,31821.0,343317.0,2026-10-09
ACLS,ACLZ,2x,1203.0,14202.0,2026-10-08
ACMR,ACMM,2x,4544.0,49291.0,2026-10-09
ADBE,ADBG,2x,2768679.0,11441479.0,2026-10-09
ADBE,ADBU,2x,22687.0,537301.0,2026-10-09
ADI,ADIU,2x,4486.0,50751.0,2026-10-09
AEHR,AEHG,2x,1534188.0,11743118.0,2026-10-09
AFRM,AFRU,2x,63114.0,639586.0,2026-10-09
AGIX,XAGI,2x,212.0,4444.0,2026-10-09
AIQ,AIBU,2x,4380.0,303809.0,2026-10-09
AKAM,AKAL,2x,64439.0,1226934.0,2026-10-09
ALAB,ALA,2x,9417.0,117837.0,2026-10-09
ALAB,LABX,2x,1334083.0,17421851.0,2026-10-09
ALB,ALBG,2x,22725.0,115307.0,2026-10-09
AMAT,AMA,2x,210295.0,4610629.0,2026-10-09
AMAT,AMAU,2x,260990.0,3497627.0,2026-10-09
AMAT,APMI,2x,904.0,13038.0,2026-10-09
AMD,AMDC,2x,4257.0,114261.0,2026-10-08
AMD,AMDG,2x,33037.0,4082607.0,2026-10-09
AMD,AMDL,2x,2112278.0,145418681.0,2026-10-09
AMD,AMUU,2x,47410.0,11206204.0,2026-10-09
AMKR,AMKL,2x,163138.0,1039501.0,2026-10-09
AMKR,AMKX,2x,1175.0,11559.0,2026-10-09
AMPX,AMPU,2x,316781.0,655375.0,2026-10-09
AMZN,AMAA,2x,934.0,27803.0,2026-10-09
AMZN,AMZG,2x,42908.0,657019.0,2026-10-09
AMZN,AMZU,2x,2044898.0,72953039.0,2026-10-09
AMZN,AMZZ,2x,118718.0,3948751.0,2026-10-09
ANET,ANEL,2x,35282.0,953679.0,2026-10-09
APH,APHG,2x,3000.0,45283.0,2026-10-09
APH,APHU,2x,4952.0,126265.0,2026-10-09
APLD,APLX,2x,3166085.0,23158086.0,2026-10-09
APP,APPC,2x,5335.0,53515.0,2026-10-09
APP,APPX,2x,1836095.0,22037944.0,2026-10-09
ARKK,TARK,2x,31506.0,1685144.0,2026-10-09
ARM,ARMA,2x,6531.0,93734.0,2026-10-09
ARM,ARMG,2x,1326961.0,28619916.0,2026-10-09
ASHR,CHAU,2x,36576.0,739383.0,2026-10-09
ASML,ASMG,2x,38080.0,1727068.0,2026-10-09
ASML,ASMU,2x,61404.0,1826421.0,2026-10-09
ASML,ASMZ,2x,1043.0,19137.0,2026-10-08
ASST,ASSX,2x,89505.0,2409411.0,2026-10-09
ASTS,ASTG,2x,56184.0,389112.0,2026-10-09
ASTS,ASTT,2x,1878.0,29063.0,2026-10-09
ASTS,ASTX,2x,5161312.0,49305182.0,2026-10-09
ASTS,ASTY,2x,177073.0,899722.0,2026-10-09
ASTS,ASUP,2x,21256.0,142782.0,2026-10-09
AVAV,AVXX,2x,194906.0,4570129.0,2026-10-09
AVAX,AVAZ,2x,15829.0,236286.0,2026-10-09
AVGO,AVGC,2x,3782.0,83447.0,2026-10-09
AVGO,AVGG,2x,423763.0,9860899.0,2026-10-09
AVGO,AVGU,2x,226246.0,6715710.0,2026-10-09
AVGO,AVGX,2x,878877.0,35044233.0,2026-10-09
AVGO,AVL,2x,1475942.0,55535345.0,2026-10-09
AXTI,AXTC,2x,6366.0,110635.0,2026-10-09
AXTI,AXTL,2x,1190930.0,3437647.0,2026-10-09
AXTI,AXTU,2x,81338.0,3271116.0,2026-10-09
AXTI,AXTX,2x,2757924.0,81094972.0,2026-10-09
BA,BOEG,2x,140468.0,1423788.0,2026-10-09
BA,BOEU,2x,96286.0,2506857.0,2026-10-09
BABA,BABC,2x,147.0,3514.0,2026-10-09
BABA,BABU,2x,92956.0,868986.0,2026-10-09
BABA,BABX,2x,607341.0,10630178.0,2026-10-09
BABA,KBAB,2x,19507.0,131215.0,2026-10-09
BB,BBUL,2x,32072.0,397784.0,2026-10-09
BBAI,BAIG,2x,19040.0,243542.0,2026-10-09
BE,BEC,2x,21719.0,375381.0,2026-10-09
BE,BEG,2x,331623.0,16084063.0,2026-10-09
BE,BEX,2x,2409438.0,83880247.0,2026-10-09
BIDU,BIDG,2x,165451.0,1090030.0,2026-10-09
BIDU,KBDU,2x,6097.0,66008.0,2026-10-09
BIOTECHNOLOGY TOP 5,TBXU,2x,4607.0,183637.0,2026-10-09
BITCOIN,BTCL,2x,84029.0,1595091.0,2026-10-09
BLSH,BLSG,2x,90574.0,297777.0,2026-10-09
BMNR,BMNG,2x,333636.0,9085563.0,2026-10-09
BMNR,BMNU,2x,5380290.0,107307398.0,2026-10-09
BMNR,BNMC,2x,443.0,30139.0,2026-10-08
BNB,XBNB,2x,350.0,9824.0,2026-10-08
BOTZ,UBOT,2x,13448.0,295691.0,2026-10-09
BRK.B,BRKL,2x,187.0,4566.0,2026-10-08
BRK.B,BRKU,2x,72734.0,1668613.0,2026-10-09
BTDR,BTDL,2x,43427.0,684167.0,2026-10-09
BULL,BULG,2x,17717.0,485961.0,2026-10-09
CAMT,CAMC,2x,263.0,4180.0,2026-10-08
CART,CARX,2x,123.0,2953.0,2026-10-08
CAT,CATG,2x,50782.0,524218.0,2026-10-09
CBRS,CBRG,2x,15642259.0,47126047.0,2026-10-09
CBRS,CBRX,2x,631284.0,5457995.0,2026-10-09
CDNS,CDNG,2x,12949.0,117199.0,2026-10-09
CEG,CEGX,2x,173167.0,2391342.0,2026-10-09
CHNL,CHNU,2x,13467.0,476972.0,2026-10-09
CIBR,UCYB,2x,8960.0,849508.0,2026-10-09
CIEN,CIEG,2x,772344.0,3401407.0,2026-10-09
CIEN,CIEX,2x,42616.0,491405.0,2026-10-09
CIFR,CIFC,2x,45069.0,305270.0,2026-10-09
CIFR,CIFG,2x,1340391.0,4998992.0,2026-10-09
CIFR,CIFU,2x,869669.0,8090053.0,2026-10-09
CLS,CSEX,2x,98391.0,1311772.0,2026-10-09
CLSK,CLSX,2x,411382.0,5052040.0,2026-10-09
COHR,COHC,2x,3840.0,60087.0,2026-10-09
COHR,COHH,2x,1101421.0,6769988.0,2026-10-09
COHR,COHX,2x,1288365.0,32278385.0,2026-10-09
COIN,COIA,2x,64398.0,557277.0,2026-10-09
COIN,COIG,2x,150072.0,842390.0,2026-10-09
COIN,COIX,2x,620.0,22582.0,2026-10-09
COIN,CONL,2x,22760733.0,131981813.0,2026-10-09
COIN,CONX,2x,155629.0,1097839.0,2026-10-09
COPX,COPZ,2x,21918.0,377148.0,2026-10-09
CORN,CXRN,2x,10204.0,209601.0,2026-10-09
CORZ,COZX,2x,59711.0,478150.0,2026-10-09
COST,COTG,2x,128907.0,1509874.0,2026-10-09
CPER,CPXR,2x,13897.0,442891.0,2026-10-09
CPER,UCOP,2x,507.0,21217.0,2026-10-08
CPNG,CPNX,2x,4151.0,44691.0,2026-10-09
CQTM,XQTM,2x,1020.0,12472.0,2026-10-08
CRCL,CCUP,2x,122478.0,3141163.0,2026-10-09
CRCL,CIR,2x,1475.0,53263.0,2026-10-09
CRCL,CRCA,2x,744470.0,16314418.0,2026-10-09
CRCL,CRCG,2x,3000047.0,43785849.0,2026-10-09
CRDD,CRDX,2x,56820.0,684882.0,2026-10-09
CRDO,CRD,2x,27623.0,326621.0,2026-10-09
CRDO,CRDU,2x,6698816.0,55980465.0,2026-10-09
CRM,CRMG,2x,1605721.0,14717330.0,2026-10-09
CRML,CRMU,2x,753544.0,1835146.0,2026-10-09
CRML,CRMX,2x,71544.0,1664507.0,2026-10-09
CRUS,CRUC,2x,2400.0,30314.0,2026-10-09
CRWD,CRWC,2x,10168.0,365476.0,2026-10-09
CRWD,CRWL,2x,192668.0,16667095.0,2026-10-09
CRWV,CRWG,2x,1957767.0,35225535.0,2026-10-09
CRWV,CRWU,2x,160987.0,5650952.0,2026-10-09
CRWV,CRWX,2x,29920.0,587486.0,2026-10-09
CRWV,CWVX,2x,1348569.0,20243001.0,2026-10-09
CSCO,CSCL,2x,32559.0,1696012.0,2026-10-09
DELL,DLLL,2x,2375333.0,75797921.0,2026-10-09
DIA,DDM,2x,195593.0,12508526.0,2026-10-09
DJT,DJTU,2x,31229.0,354798.0,2026-10-09
DOCN,OCNL,2x,3394.0,89165.0,2026-10-09
DOGE,TXXD,2x,11704.0,509052.0,2026-10-09
DRAM,DRAL,2x,167608.0,1881691.0,2026-10-09
DRAM,RAM,2x,8658671.0,115769271.0,2026-10-09
DRAM,RAML,2x,7799.0,111027.0,2026-10-09
DUOL,DUOG,2x,4229.0,243434.0,2026-10-09
ECHO,ECHX,2x,32703.0,285658.0,2026-10-09
EEM,EET,2x,10135.0,1125385.0,2026-10-09
EFA,EFO,2x,4929.0,365715.0,2026-10-09
ENERGY TOP 5,TEXU,2x,5571.0,230168.0,2026-10-09
ENTG,ENTL,2x,3498.0,29170.0,2026-10-09
EOSE,EO,2x,3108.0,19895.0,2026-10-09
EOSE,EOSU,2x,374820.0,2084455.0,2026-10-09
ETHA,ETHT,2x,1870317.0,33238462.0,2026-10-09
ETHA,ETHU,2x,7040128.0,196470871.0,2026-10-09
ETHA,EVMU,2x,4265.0,138839.0,2026-10-09
ETHER,ETU,2x,84841.0,620165.0,2026-10-09
ETN,ETNG,2x,6835.0,89437.0,2026-10-09
EUV,EUVX,2x,16463.0,237908.0,2026-10-09
EWJ,EZJ,2x,5245.0,360861.0,2026-10-09
EWT,XTAI,2x,1480.0,36379.0,2026-10-08
EWY,KRWX,2x,2350.0,35957.0,2026-10-09
EWZ,BRZU,2x,49614.0,5701962.0,2026-10-09
EWZ,BRZX,2x,113.0,3157.0,2026-10-08
EWZ,UBR,2x,2452.0,94423.0,2026-10-09
FCX,FCXG,2x,30271.0,494857.0,2026-10-09
FDRS,FDRX,2x,8125.0,205361.0,2026-10-09
FIG,FIGG,2x,133820.0,2402718.0,2026-10-09
FIGR,FGRU,2x,62794.0,581960.0,2026-10-09
FIX,FIXX,2x,3310.0,43240.0,2026-10-09
FLEX,FLEL,2x,1578.0,20708.0,2026-10-09
FLY,FLYT,2x,160751.0,814320.0,2026-10-09
FN,FNG,2x,163404.0,841078.0,2026-10-09
FORM,FOMG,2x,32062.0,257434.0,2026-10-09
FPS,FPSX,2x,367918.0,1468361.0,2026-10-09
FRUT,MNGZ,2x,433.0,12741.0,2026-10-08
FUTU,FUTG,2x,566981.0,2427480.0,2026-10-09
FXE,ULE,2x,3799.0,46889.0,2026-10-09
FXI,CCPX,2x,100.0,2195.0,2026-10-08
FXI,XPP,2x,2212.0,43736.0,2026-10-09
FXY,YCL,2x,31981.0,592323.0,2026-10-09
GDX,NUGT,2x,690454.0,116712865.0,2026-10-09
GDXJ,JNUG,2x,264132.0,45029954.0,2026-10-09
GEMI,GEMG,2x,58289.0,532076.0,2026-10-09
GEV,GEVC,2x,357.0,6604.0,2026-10-08
GEV,GEVG,2x,30305.0,652936.0,2026-10-09
GEV,GEVX,2x,177727.0,3110357.0,2026-10-09
GFS,GFSG,2x,107474.0,389504.0,2026-10-09
GLD,UGL,2x,3153253.0,154978922.0,2026-10-09
GLD,UGLD,2x,66200.0,1395127.0,2026-10-09
GLW,GLWG,2x,1015465.0,13969617.0,2026-10-09
GLXY,GLGG,2x,63136.0,284322.0,2026-10-09
GLXY,GLX,2x,1317.0,21210.0,2026-10-08
GLXY,GLXU,2x,117587.0,625690.0,2026-10-09
GME,GMEC,2x,297.0,7012.0,2026-10-08
GME,GMEU,2x,896470.0,7130737.0,2026-10-09
GOOG,GOOX,2x,124493.0,8769773.0,2026-10-09
GOOGL,GGLL,2x,1399436.0,139280338.0,2026-10-09
GOOGL,GOGL,2x,12177.0,285427.0,2026-10-09
GOOGL,GOOL,2x,108846.0,1360150.0,2026-10-09
GOOGL,GOU,2x,190658.0,4780057.0,2026-10-09
GRAB,GRAG,2x,94144.0,401541.0,2026-10-09
HIMS,HIMC,2x,517.0,7474.0,2026-10-09
HIMS,HIMZ,2x,344388.0,9089223.0,2026-10-09
HON,HONG,2x,3053.0,37276.0,2026-10-08
HOOD,HODU,2x,157679.0,2183214.0,2026-10-09
HOOD,HOOC,2x,706.0,15754.0,2026-10-09
HOOD,HOOG,2x,382031.0,12962516.0,2026-10-09
HOOD,HOOX,2x,31258.0,1220857.0,2026-10-09
HOOD,ROBN,2x,823949.0,28015697.0,2026-10-09
HPE,HPEL,2x,369603.0,7342011.0,2026-10-09
HUT,HUTG,2x,202131.0,2887013.0,2026-10-09
HYG,UJB,2x,11677.0,904616.0,2026-10-08
HYPE,TXXH,2x,18404.0,1272062.0,2026-10-09
IBB,BIB,2x,8391.0,946390.0,2026-10-09
IBIT,BITU,2x,4491547.0,65032471.0,2026-10-09
IBIT,BITX,2x,10973306.0,205551129.0,2026-10-09
IBIT,BTCU,2x,39200.0,1023430.0,2026-10-09
IBM,IBX,2x,394728.0,6652188.0,2026-10-09
IEF,UST,2x,7837.0,305266.0,2026-10-09
IJR,SAA,2x,3366.0,112743.0,2026-10-09
INDA,INDL,2x,13523.0,554779.0,2026-10-09
INDA,TAJX,2x,103.0,2477.0,2026-10-08
INFQ,INFH,2x,163814.0,1305392.0,2026-10-09
INTC,INT,2x,48249.0,1023240.0,2026-10-09
INTC,INTW,2x,4555750.0,122839868.0,2026-10-09
INTC,LINT,2x,107751.0,14502702.0,2026-10-09
IONQ,IONC,2x,3558.0,48588.0,2026-10-09
IONQ,IONL,2x,760665.0,10325500.0,2026-10-09
IONQ,IONX,2x,1297971.0,31609955.0,2026-10-09
IREN,IRE,2x,7497002.0,71438734.0,2026-10-09
IREN,IREC,2x,6240.0,130190.0,2026-10-09
IREN,IREG,2x,946620.0,7399508.0,2026-10-09
IREN,IREX,2x,1616420.0,22939089.0,2026-10-09
ISRG,ISUL,2x,47416.0,676810.0,2026-10-09
IWC,XIWC,2x,190.0,4604.0,2026-10-08
IWM,UWM,2x,288992.0,17242952.0,2026-10-09
JBL,JBLG,2x,30472.0,330323.0,2026-10-09
JD,KJD,2x,5075.0,76812.0,2026-10-09
JOBY,JOBC,2x,257.0,3557.0,2026-10-08
JOBY,JOBX,2x,97737.0,756657.0,2026-10-09
KEEL,KEEX,2x,154322.0,1075528.0,2026-10-09
KEYS,KEYG,2x,1816.0,25208.0,2026-10-09
KEYS,KEYX,2x,147.0,3239.0,2026-10-08
KLAC,KLAG,2x,83806.0,2092685.0,2026-10-09
KRE,XKRE,2x,287.0,7336.0,2026-10-09
KTOS,KTUP,2x,425637.0,1987705.0,2026-10-09
KWEB,CWEB,2x,806020.0,15291111.0,2026-10-09
KWEB,WEBX,2x,170.0,3116.0,2026-10-08
LASR,LASC,2x,11650.0,78875.0,2026-10-09
LEU,LEUX,2x,154082.0,1338547.0,2026-10-09
LITE,LITC,2x,2001.0,60914.0,2026-10-09
LITE,LITG,2x,15560.0,300495.0,2026-10-09
LITE,LITU,2x,74730.0,1548692.0,2026-10-09
LITE,LITX,2x,2521925.0,84968209.0,2026-10-09
LLY,ELIL,2x,57134.0,1582256.0,2026-10-09
LLY,LLYX,2x,249902.0,6148794.0,2026-10-09
LMT,LMTL,2x,18596.0,581883.0,2026-10-09
LRCX,LRCC,2x,4826.0,78146.0,2026-10-09
LRCX,LRCU,2x,67644.0,3310041.0,2026-10-09
LRN,LRNX,2x,153.0,3346.0,2026-10-08
LULU,LULG,2x,1027749.0,4558555.0,2026-10-09
LUNR,LUNL,2x,1608293.0,5847732.0,2026-10-09
LWLG,LWLX,2x,2925.0,33805.0,2026-10-09
MAGS,MAGX,2x,38736.0,2366773.0,2026-10-09
MAGS,QQQU,2x,25403.0,1565628.0,2026-10-09
MARA,MHX,2x,733.0,14123.0,2026-10-08
MARA,MRAL,2x,114691.0,4442264.0,2026-10-09
MCHP,MCHG,2x,4916.0,37915.0,2026-10-09
MCHP,MCHU,2x,2363.0,32667.0,2026-10-08
MDY,MVV,2x,11319.0,928624.0,2026-10-09
MELI,KMLI,2x,72551.0,665877.0,2026-10-09
META,FBL,2x,1047104.0,30383619.0,2026-10-09
META,FBX,2x,300.0,11335.0,2026-10-09
META,METG,2x,40609.0,770205.0,2026-10-09
META,METU,2x,5656374.0,156420986.0,2026-10-09
MGK,MEGX,2x,307.0,7226.0,2026-10-08
MNST,MNSX,2x,140.0,2916.0,2026-10-08
MP,MPG,2x,223585.0,923524.0,2026-10-09
MPWR,MPWC,2x,420.0,9469.0,2026-10-08
MPWR,MPWX,2x,12645.0,179287.0,2026-10-09
MRAM,MRAX,2x,3411.0,89936.0,2026-10-09
MRNA,MRNX,2x,288699.0,32820442.0,2026-10-09
MRVL,MRVU,2x,148656.0,19668505.0,2026-10-09
MRVL,MRVX,2x,12233.0,325906.0,2026-10-09
MRVL,MVLL,2x,2931260.0,89948094.0,2026-10-09
MSFT,MSFC,2x,1603.0,77773.0,2026-10-09
MSFT,MSFL,2x,256680.0,6677687.0,2026-10-09
MSFT,MSFU,2x,2680705.0,104331787.0,2026-10-09
MSFT,MSFX,2x,55222.0,1432267.0,2026-10-09
MSI,MSIX,2x,230.0,7805.0,2026-10-08
MSOS,MSOX,2x,2011122.0,5660454.0,2026-10-09
MSTR,MSTC,2x,1123.0,66616.0,2026-10-08
MSTR,MSTP,2x,56474.0,1479253.0,2026-10-09
MSTR,MSTU,2x,5621894.0,217583709.0,2026-10-09
MSTR,MSTX,2x,8178353.0,140070572.0,2026-10-09
MTSI,MTSG,2x,19859.0,153255.0,2026-10-09
MU,MIC,2x,10727.0,160914.0,2026-10-09
MU,MUG,2x,40784.0,735458.0,2026-10-09
MU,MULL,2x,4870290.0,117113241.0,2026-10-09
MU,MUU,2x,24475414.0,841481699.0,2026-10-09
MXL,MXLL,2x,33294.0,718434.0,2026-10-09
NASDAQ-100 MEGA,QQUP,2x,2588.0,167035.0,2026-10-09
NBIS,NBIC,2x,4919.0,96914.0,2026-10-09
NBIS,NBIG,2x,2299657.0,39736122.0,2026-10-09
NBIS,NBIL,2x,3569040.0,88636467.0,2026-10-09
NBIS,NEBX,2x,1907034.0,48753505.0,2026-10-09
NEM,NEMG,2x,3452.0,78184.0,2026-10-09
NET,NETG,2x,81960.0,1773536.0,2026-10-09
NFLX,NFLU,2x,171809.0,2799516.0,2026-10-09
NFLX,NFX,2x,661.0,15901.0,2026-10-09
NFLX,NFXL,2x,1379505.0,21264141.0,2026-10-09
NIO,NIOG,2x,87686.0,586139.0,2026-10-09
NOK,LNOK,2x,111086.0,1911866.0,2026-10-09
NOW,NOWL,2x,4968580.0,38116274.0,2026-10-09
NOW,NOWX,2x,1156.0,41002.0,2026-10-09
NTAP,NTAL,2x,8700.0,312219.0,2026-10-09
NU,NUG,2x,20000.0,180058.0,2026-10-09
NVDA,NVC,2x,797.0,25686.0,2026-10-08
NVDA,NVDB,2x,26099.0,863623.0,2026-10-09
NVDA,NVDG,2x,240641.0,5034339.0,2026-10-09
NVDA,NVDL,2x,11538902.0,414493275.0,2026-10-09
NVDA,NVDU,2x,267558.0,38107881.0,2026-10-09
NVDA,NVDX,2x,4495573.0,90827480.0,2026-10-09
NVO,NVOC,2x,254.0,4002.0,2026-10-09
NVO,NVOX,2x,520559.0,5593937.0,2026-10-09
NVTS,NVTC,2x,1958.0,24048.0,2026-10-09
NVTS,NVTX,2x,380371.0,6042971.0,2026-10-09
NXPI,NXPG,2x,6965.0,51829.0,2026-10-09
NXPI,NXPX,2x,1347.0,15640.0,2026-10-09
NYSE FANG+,FNGG,2x,3100.0,842684.0,2026-10-09
OKLO,OKLC,2x,10091.0,114748.0,2026-10-09
OKLO,OKLL,2x,2602148.0,26859749.0,2026-10-09
OKTA,OKTG,2x,48512.0,2480285.0,2026-10-09
ON,ONG,2x,55734.0,254821.0,2026-10-09
ON,ONX,2x,67254.0,445889.0,2026-10-09
ONDS,ONDC,2x,423.0,7855.0,2026-10-08
ONDS,ONDG,2x,3441841.0,7591698.0,2026-10-09
ONDS,ONDL,2x,1194553.0,6458899.0,2026-10-09
ONDS,ONDU,2x,24095.0,344681.0,2026-10-09
ONTO,ONTX,2x,3725.0,58500.0,2026-10-09
OPEN,OPEG,2x,174624.0,221008.0,2026-10-09
OPEN,OPEX,2x,89068.0,422743.0,2026-10-09
ORCL,ORAC,2x,8057.0,182138.0,2026-10-09
ORCL,ORCU,2x,6234259.0,46617487.0,2026-10-09
ORCL,ORCX,2x,2529896.0,53477827.0,2026-10-09
OSCR,OSCX,2x,9763.0,425301.0,2026-10-09
OSS,OSSL,2x,4394.0,14769.0,2026-10-09
OUST,OUSL,2x,56456.0,845225.0,2026-10-09
P,PUL,2x,4494.0,278331.0,2026-10-09
PALL,UPAL,2x,1268.0,28843.0,2026-10-09
PANW,PALU,2x,143234.0,7852643.0,2026-10-09
PANW,PANG,2x,62187.0,2071494.0,2026-10-09
PATH,PATX,2x,76989.0,926636.0,2026-10-09
PAVE,XPAV,2x,459.0,9639.0,2026-10-09
PBR,PBRG,2x,4589.0,230515.0,2026-10-09
PDBC,XCOM,2x,750.0,20511.0,2026-10-08
PDD,KPDD,2x,107842.0,510127.0,2026-10-09
PDD,PDDL,2x,31949.0,362870.0,2026-10-09
PENG,PENU,2x,31284.0,947389.0,2026-10-09
PL,PLU,2x,406110.0,2161934.0,2026-10-09
PLTR,PLTA,2x,21083.0,433033.0,2026-10-09
PLTR,PLTG,2x,90435.0,1725097.0,2026-10-09
PLTR,PLTL,2x,754.0,50675.0,2026-10-09
PLTR,PLTU,2x,770361.0,41995717.0,2026-10-09
PLTR,PTIR,2x,3084227.0,63652781.0,2026-10-09
PLUG,PLUL,2x,31862.0,214194.0,2026-10-09
POET,POEL,2x,240888.0,1972724.0,2026-10-09
PONY,PONX,2x,10529.0,141646.0,2026-10-09
PPLT,UPLT,2x,2176.0,53277.0,2026-10-09
PURE QUANTUM,QPUX,2x,265310.0,3340424.0,2026-10-09
PURR,KATT,2x,5030.0,130037.0,2026-10-09
PURR,PUR,2x,204161.0,7072182.0,2026-10-09
PYPL,PYPG,2x,366173.0,2667552.0,2026-10-09
PYPL,PYPU,2x,5934.0,186526.0,2026-10-09
QBTS,QBTX,2x,512500.0,12048957.0,2026-10-09
QBTS,QUA,2x,417.0,5771.0,2026-10-09
QCOM,QCML,2x,617764.0,11205031.0,2026-10-09
QCOM,QCMU,2x,145763.0,3285943.0,2026-10-09
QNT,QNTU,2x,78955.0,550650.0,2026-10-09
QQQ,QLD,2x,3722445.0,347269854.0,2026-10-09
QQQE,EQQQ,2x,4443.0,180600.0,2026-10-09
QS,QSU,2x,84274.0,390213.0,2026-10-09
QTOP,QQXL,2x,2632.0,150898.0,2026-10-09
QUBT,QUBX,2x,43170.0,1182729.0,2026-10-09
RBLX,RBLU,2x,462264.0,2270725.0,2026-10-09
RCAT,RCAX,2x,76553.0,821142.0,2026-10-09
RDDT,RDDC,2x,2009.0,24525.0,2026-10-09
RDDT,RDTL,2x,662846.0,8628165.0,2026-10-09
RDW,RDWU,2x,588264.0,3641089.0,2026-10-09
RGTI,RGTC,2x,207.0,4542.0,2026-10-08
RGTI,RGTU,2x,76860.0,785120.0,2026-10-09
RGTI,RGTX,2x,1118804.0,10326056.0,2026-10-09
RIOT,RIOX,2x,323637.0,8176034.0,2026-10-09
RIVN,RIVC,2x,1011.0,17173.0,2026-10-09
RIVN,RVNL,2x,105324.0,2289093.0,2026-10-09
RKLB,RKLX,2x,2998919.0,49934905.0,2026-10-09
RKLB,RKX,2x,16541.0,173519.0,2026-10-09
RMBS,RMBC,2x,2405.0,31850.0,2026-10-09
RMBS,RMBX,2x,12148.0,154051.0,2026-10-09
RSP,URSP,2x,32130.0,1565985.0,2026-10-09
RTX,RTXG,2x,10083.0,229609.0,2026-10-09
SBET,SBTU,2x,9868.0,456398.0,2026-10-09
SEMICONDUCTOR TOP 5,TSXU,2x,139549.0,8271082.0,2026-10-09
SHOP,SHPU,2x,138097.0,2097333.0,2026-10-09
SIMO,SIMX,2x,25354.0,329940.0,2026-10-09
SITM,SITX,2x,8098.0,152736.0,2026-10-09
SKHY,HYNX,2x,343722.0,9586750.0,2026-10-09
SKHY,SK,2x,247275.0,6816103.0,2026-10-09
SKHY,SKHA,2x,7217.0,263428.0,2026-10-09
SKHY,SKHL,2x,1675378.0,18153099.0,2026-10-09
SKHY,SKHU,2x,348546.0,7621333.0,2026-10-09
SKHY,SKHX,2x,1669432.0,27680762.0,2026-10-09
SKHY,SKUU,2x,1805473.0,50412259.0,2026-10-09
SKYY,SKYU,2x,8039.0,413548.0,2026-10-09
SLV,AGQ,2x,3052281.0,229062451.0,2026-10-09
SLV,USLV,2x,151774.0,2264522.0,2026-10-09
SMCI,SMCC,2x,1477.0,59107.0,2026-10-08
SMCI,SMCL,2x,556925.0,10421096.0,2026-10-09
SMCI,SMCX,2x,4323301.0,58167213.0,2026-10-09
SMR,SMRX,2x,1281.0,22368.0,2026-10-09
SMR,SMU,2x,599280.0,12390741.0,2026-10-09
SMR,SMUP,2x,320133.0,1267305.0,2026-10-09
SMTC,SMTG,2x,84874.0,888735.0,2026-10-09
SNAP,SNAG,2x,41249.0,237457.0,2026-10-09
SNDK,SNDC,2x,152719.0,1285824.0,2026-10-09
SNDK,SNDG,2x,6121773.0,60390007.0,2026-10-09
SNDK,SNDU,2x,4169606.0,102887103.0,2026-10-09
SNDK,SNXX,2x,54228897.0,869380757.0,2026-10-09
SNOW,SNOU,2x,80178.0,5384231.0,2026-10-09
SOFI,SOFA,2x,81517.0,962439.0,2026-10-09
SOFI,SOFC,2x,892.0,17164.0,2026-10-09
SOFI,SOFX,2x,1436729.0,11449133.0,2026-10-09
SOLANA,SLON,2x,193516.0,7268670.0,2026-10-09
SOLZ,SOLT,2x,598222.0,39806485.0,2026-10-09
SOUN,SOUX,2x,85920.0,746716.0,2026-10-09
SOXX,USD,2x,517921.0,46945717.0,2026-10-09
SOXX,XSEM,2x,2425.0,47311.0,2026-10-09
SPACE,SPCL,2x,36314.0,810188.0,2026-10-09
SPCX,LOFF,2x,1920333.0,33586131.0,2026-10-09
SPCX,SPAL,2x,1110698.0,19616825.0,2026-10-09
SPCX,SPAX,2x,1809111.0,19172416.0,2026-10-09
SPCX,SPCF,2x,1514396.0,26271133.0,2026-10-09
SPCX,SPCH,2x,22596595.0,234589589.0,2026-10-09
SPCX,SPCM,2x,838246.0,15119768.0,2026-10-09
SPCX,SPCU,2x,1430973.0,19868770.0,2026-10-09
SPOT,SPOG,2x,36978.0,271828.0,2026-10-09
SPY,SPUU,2x,14458.0,3255724.0,2026-10-09
SPY,SSO,2x,3200660.0,225116493.0,2026-10-09
STLR,STLU,2x,113886.0,2069040.0,2026-10-09
STM,STMX,2x,4399.0,66873.0,2026-10-09
STRL,STLL,2x,25585.0,341639.0,2026-10-09
STX,STXL,2x,344608.0,10207354.0,2026-10-09
STX,STXU,2x,217329.0,2413733.0,2026-10-09
STX,STXX,2x,110604.0,4181993.0,2026-10-09
SUI,SUIL,2x,152540.0,1841388.0,2026-10-09
SUI,TXXS,2x,11786.0,407047.0,2026-10-09
TDC,TDCL,2x,451.0,6960.0,2026-10-09
TE,TEUP,2x,17400.0,374185.0,2026-10-09
TECHNOLOGY TOP 5,TTXU,2x,6173.0,219354.0,2026-10-09
TEL,TELG,2x,183.0,2473.0,2026-10-09
TEM,TEMC,2x,636.0,18544.0,2026-10-09
TEM,TEMT,2x,248203.0,7767479.0,2026-10-09
TER,TERC,2x,478.0,10943.0,2026-10-09
TER,TERG,2x,35933.0,1403362.0,2026-10-09
TLT,UBT,2x,111217.0,1547497.0,2026-10-09
TPL,TPLX,2x,603.0,13311.0,2026-10-08
TSEM,TSEG,2x,63880.0,458135.0,2026-10-09
TSEM,TSEU,2x,3653.0,55828.0,2026-10-09
TSLA,TESC,2x,717.0,15637.0,2026-10-08
TSLA,TSLG,2x,54970484.0,266725982.0,2026-10-09
TSLA,TSLI,2x,15575.0,280207.0,2026-10-09
TSLA,TSLL,2x,71073280.0,690398764.0,2026-10-09
TSLA,TSLR,2x,1467002.0,24724453.0,2026-10-09
TSLA,TSLT,2x,2165668.0,29350119.0,2026-10-09
TSLA + SPCX,ELOL,2x,11634.0,282659.0,2026-10-09
TSM,TSMG,2x,43491.0,1795194.0,2026-10-09
TSM,TSMU,2x,32748.0,2424320.0,2026-10-09
TSM,TSMX,2x,437760.0,37816238.0,2026-10-09
TSM,TWSC,2x,307.0,7457.0,2026-10-08
TTD,TTDU,2x,108216.0,1336925.0,2026-10-09
TTMI,TTMX,2x,55398.0,482379.0,2026-10-09
TXN,TXNU,2x,9478.0,414306.0,2026-10-09
U,UNX,2x,9824.0,240438.0,2026-10-09
UBER,UBRL,2x,283142.0,3905699.0,2026-10-09
UCTT,UCTX,2x,12793.0,87240.0,2026-10-09
UEC,UECG,2x,86210.0,268185.0,2026-10-09
UMAC,UMAL,2x,107359.0,1194115.0,2026-10-09
UMC,UMCU,2x,1013.0,36175.0,2026-10-08
UMC,UMCX,2x,2962.0,51646.0,2026-10-09
UNG,BOIL,2x,6518598.0,136101222.0,2026-10-09
UNH,UN,2x,534.0,10666.0,2026-10-09
UNH,UNHG,2x,546554.0,10065009.0,2026-10-09
UNH,UNHU,2x,2792.0,124148.0,2026-10-09
UPST,UPSC,2x,187.0,2453.0,2026-10-09
UPST,UPSX,2x,81001.0,851636.0,2026-10-09
URA,URAA,2x,66238.0,1479634.0,2026-10-09
USAR,USAX,2x,144984.0,1228059.0,2026-10-09
USAR,USGG,2x,556019.0,2773528.0,2026-10-09
USO,UCO,2x,2532570.0,130773121.0,2026-10-09
UUUU,UUUC,2x,2105.0,48228.0,2026-10-09
UUUU,UUUG,2x,509447.0,1534926.0,2026-10-09
VALE,VALG,2x,214.0,3573.0,2026-10-09
VB,USSX,2x,130.0,3038.0,2026-10-08
VELO,VELL,2x,91882.0,225637.0,2026-10-09
VGK,UPV,2x,603.0,58850.0,2026-10-08
VGK,XEUR,2x,853.0,21249.0,2026-10-08
VIAV,VIAG,2x,20339.0,212850.0,2026-10-09
VIXY,UVIX,2x,2337900.0,88346705.0,2026-10-09
VNQ,XHOA,2x,107.0,2527.0,2026-10-08
VO,USMX,2x,100.0,2484.0,2026-10-08
VOO,USLX,2x,710.0,17624.0,2026-10-08
VRT,VRC,2x,1171.0,17708.0,2026-10-09
VRT,VRTL,2x,222627.0,5538873.0,2026-10-09
VST,VSTL,2x,284075.0,6572322.0,2026-10-09
VT,WLDU,2x,6348.0,111871.0,2026-10-09
VT,WX,2x,477.0,11827.0,2026-10-08
VTI,USX,2x,107.0,2647.0,2026-10-08
VUG,USGX,2x,103.0,2462.0,2026-10-08
VWO,EMXX,2x,250.0,5968.0,2026-10-08
VXUS,XW,2x,397.0,9568.0,2026-10-08
WDC,WDCC,2x,43305.0,482542.0,2026-10-09
WDC,WDCX,2x,2721645.0,42088627.0,2026-10-09
WEAT,WXET,2x,24162.0,573092.0,2026-10-09
WULF,WULX,2x,380491.0,5349894.0,2026-10-09
WYFI,WYFL,2x,197989.0,831603.0,2026-10-09
XBI,XBIX,2x,1860.0,64331.0,2026-10-08
XLB,UYM,2x,7521.0,220102.0,2026-10-09
XLB,XLBX,2x,670.0,15256.0,2026-10-08
XLC,LTL,2x,11093.0,273055.0,2026-10-09
XLE,DIG,2x,60526.0,4185945.0,2026-10-09
XLE,ERX,2x,295929.0,31927618.0,2026-10-09
XLE,XLEX,2x,2185.0,64011.0,2026-10-09
XLF,UYG,2x,15317.0,1404325.0,2026-10-09
XLF,XLFX,2x,972.0,26925.0,2026-10-09
XLI,UXI,2x,2104.0,112223.0,2026-10-09
XLI,XLIX,2x,283.0,6537.0,2026-10-08
XLK,ROM,2x,36708.0,5722722.0,2026-10-09
XLK,XLKX,2x,1361.0,31422.0,2026-10-09
XLP,UGE,2x,28477.0,527733.0,2026-10-09
XLP,XLPX,2x,297.0,7528.0,2026-10-08
XLRE,URE,2x,1606.0,103772.0,2026-10-09
XLU,UPW,2x,28411.0,560884.0,2026-10-09
XLU,XLUX,2x,1486.0,31026.0,2026-10-09
XLV,RXL,2x,15007.0,894104.0,2026-10-09
XLV,XLVX,2x,781.0,25342.0,2026-10-09
XLY,UCC,2x,1533.0,65341.0,2026-10-08
XLY,XLYX,2x,139.0,3023.0,2026-10-09
XNDU,XNDX,2x,582608.0,1162037.0,2026-10-09
XOM,XOMX,2x,15688.0,759015.0,2026-10-09
XOP,GUSH,2x,609122.0,27424878.0,2026-10-09
XOVR,XOVL,2x,6371.0,134422.0,2026-10-09
XPEV,XPEG,2x,48694.0,141323.0,2026-10-09
XRP,UXRP,2x,208649.0,3397800.0,2026-10-09
XRPI,XRPT,2x,356880.0,12887374.0,2026-10-09
XRPI,XXRP,2x,616622.0,20759359.0,2026-10-09
XYZ,XYZG,2x,4912.0,78739.0,2026-10-09
