name,description,exchange,industry,close,SMA50,ADRP,ATRP,average_volume_10d_calc,average_volume_30d_calc,dollar_volume_30d,Perf.1M,perf_1m_rank,Perf.3M,perf_3m_rank,Perf.6M,perf_6m_rank,momentum_score,atr_extension_from_50d,is_top_1m,is_top_3m,is_top_6m
XHLD,"TEN Holdings, Inc.",NASDAQ,Miscellaneous Commercial Services,8.92,4.91,18.69,18.3,3287128.5,7560261.533333333,67437533.0,59.29,6,502.7,1,502.7,1,354.9,4.47,True,True,True
LIFE,Ethos Technologies Inc.,NASDAQ,Packaged Software,39.36,28.8,6.21,6.38,1177756.7,1608226.7333333334,63299804.0,12.33,47,137.97,2,232.15,8,127.48,5.74,False,True,True
ASST,"Strive, Inc.",NASDAQ,Financial Conglomerates,29.03,16.27,7.55,6.43,10664044.900000002,7801053.8,226464592.0,131.5,3,76.26,14,173.1,12,126.95,12.2,True,True,True
QMCO,Quantum Corporation,NASDAQ,Computer Peripherals,22.82,16.78,7.81,8.3,987091.7,1934282.0333333334,44149987.0,-7.52,201,66.12,21,318.81,2,125.8,4.34,False,True,True
CDNA,"CareDx, Inc.",NASDAQ,Medical Specialties,52.37,42.87,4.76,4.39,1076994.6,1148562.4,60150213.0,11.34,52,117.39,4,202.19,11,110.31,5.05,False,True,True
AMLX,"Amylyx Pharmaceuticals, Inc.",NASDAQ,Pharmaceuticals: Major,33.64,25.69,5.29,5.89,1680091.2,3155751.1666666665,106159469.0,50.51,7,123.22,3,137.74,19,103.83,5.26,True,True,True
ETON,"Eton Pharmaceuticals, Inc.",NASDAQ,Pharmaceuticals: Major,57.62,49.9,4.62,5.3,465708.5,597063.0333333333,34402772.0,4.9,88,78.5,13,206.16,10,96.52,2.92,False,True,True
TEAM,Atlassian Corporation,NASDAQ,Packaged Software,192.77,135.98,4.72,4.94,3438704.8,4850877.366666666,935103630.0,15.98,29,113.26,5,159.2,14,96.15,8.46,False,True,True
DELL,Dell Technologies Inc.,NYSE,Computer Processing Hardware,534.28,451.7,5.65,6.35,13531004.4,8020894.2,4285403353.0,7.72,72,29.32,73,249.87,4,95.64,2.88,False,False,True
GPRO,"GoPro, Inc.",NASDAQ,Electronics/Appliances,1.35,0.82,18.12,14.67,173372251.0,62464482.4,84327051.0,110.97,4,79.47,11,88.02,56,92.82,4.4,True,True,False
CORT,Corcept Therapeutics Incorporated,NASDAQ,Pharmaceuticals: Major,111.8,106.64,4.36,4.31,873948.3,878164.7666666667,98178821.0,1.08,111,34.41,59,238.69,7,91.39,1.12,False,False,True
BLZE,"Backblaze, Inc.",NASDAQ,Computer Peripherals,12.84,15.34,5.87,8.26,1658458.2,3102779.966666667,39839695.0,-35.86,413,56.59,26,249.86,5,90.19,-1.97,False,False,True
APPS,"Digital Turbine, Inc.",NASDAQ,Packaged Software,11.72,10.63,5.61,6.8,2700044.3,3756155.5,44040923.0,-7.46,200,19.28,105,240.84,6,84.22,1.52,False,False,True
MXL,"MaxLinear, Inc",NASDAQ,Semiconductors,64.79,72.85,6.22,9.38,2488326.0,2307408.433333333,149496992.0,-15.47,298,-26.37,308,284.51,3,80.89,-1.18,False,False,True
OKTA,"Okta, Inc.",NASDAQ,Packaged Software,186.45,149.75,5.04,5.19,3836724.1,3660178.8333333335,682440343.0,19.38,23,59.37,23,139.93,18,72.89,4.72,False,False,True
NEO,"NeoGenomics, Inc.",NASDAQ,Medical/Nursing Services,18.41,15.93,4.72,4.47,1431281.3,1721601.9333333333,31694692.0,12.39,46,78.91,12,125.61,26,72.31,3.49,False,True,False
BAND,Bandwidth Inc.,NASDAQ,Packaged Software,48.97,54.73,8.59,9.34,1034105.6,860585.6666666666,42142880.0,-8.83,225,-6.9,206,227.12,9,70.46,-1.13,False,False,True
HTFL,"Heartflow, Inc.",NASDAQ,Packaged Software,49.54,35.53,4.85,5.16,1926037.5,2050170.9666666666,101565470.0,26.83,20,51.04,34,128.72,25,68.86,7.64,True,False,False
GTLB,GitLab Inc.,NASDAQ,Packaged Software,49.25,38.96,4.51,4.93,7901813.1,5450250.4,268424832.0,12.67,44,74.77,15,118.4,34,68.62,5.36,False,True,False
PURR,Hyperliquid Strategies Inc,NASDAQ,Financial Conglomerates,11.85,8.57,10.7,9.25,24932046.5,21036372.6,249281015.0,75.3,5,14.69,122,102.56,42,64.18,4.14,True,False,False
DFTX,"Definium Therapeutics, Inc.",NASDAQ,Pharmaceuticals: Major,40.25,43.05,4.64,5.73,2157917.4999999986,2192986.166666665,88267693.0,-6.4,184,70.19,19,123.12,27,62.3,-1.14,False,True,False
CLMT,"Calumet, Inc",NASDAQ,Oil Refining/Marketing,56.55,45.72,4.03,4.07,1314548.5,1274809.5,72090477.0,15.72,30,72.2,16,97.52,48,61.81,5.81,False,True,False
SLS,"SELLAS Life Sciences Group, Inc.",NASDAQ,Pharmaceuticals: Major,11.72,12.67,9.46,10.21,7154423.2,7075416.0,82959253.0,-5.44,172,54.28,29,134.03,22,60.95,-0.73,False,False,True
OSCR,"Oscar Health, Inc.",NYSE,Managed Health Care,33.81,30.65,5.12,5.28,4805191.1,5552982.733333333,187746346.0,9.95,61,15.83,117,155.36,15,60.38,1.96,False,False,True
NTSK,"Netskope, Inc.",NASDAQ,Packaged Software,17.0,13.82,6.42,6.38,7428130.2,5293509.366666666,89989659.0,5.0,87,92.96,6,82.8,61,60.25,3.61,False,True,False
CVI,CVR Energy Inc.,NYSE,Oil Refining/Marketing,48.63,36.77,4.86,4.85,1296118.6,1029945.3333333334,50086242.0,35.76,12,70.63,18,60.5,82,55.63,6.65,True,True,False
ORKA,"Oruka Therapeutics, Inc.",NASDAQ,Pharmaceuticals: Major,95.93,95.52,5.17,5.43,720149.9,761069.5,73009397.0,-9.52,235,38.93,48,132.39,24,53.93,0.08,False,False,False
HNGE,"Hinge Health, Inc.",NYSE,Packaged Software,94.79,86.24,4.92,4.86,1907625.6,1925734.4,182540364.0,8.02,71,37.32,53,115.43,35,53.59,2.04,False,False,False
HPE,Hewlett Packard Enterprise Company,NYSE,Computer Processing Hardware,55.41,51.39,5.71,6.77,36059023.8,22233535.933333352,1231960226.0,-8.38,218,12.77,132,155.23,16,53.21,1.16,False,False,True
CRWD,"CrowdStrike Holdings, Inc.",NASDAQ,Packaged Software,235.38,203.41,5.52,5.46,11779785.8,9971001.0,2346974215.0,3.86,95,35.84,58,119.59,32,53.09,2.88,False,False,False
FIVN,"Five9, Inc.",NASDAQ,Packaged Software,31.75,29.44,4.65,5.12,1441487.4,2099204.3,66649737.0,-6.41,185,54.35,28,102.23,44,50.06,1.53,False,False,False
DK,"Delek US Holdings, Inc.",NYSE,Oil Refining/Marketing,74.47,65.82,5.49,5.6,2209818.1,1740016.9,129579059.0,8.84,68,69.25,20,71.95,75,50.01,2.35,False,True,False
PANW,"Palo Alto Networks, Inc.",NASDAQ,Packaged Software,373.94,350.06,4.95,5.2,7577452.099999984,6227104.96666666,2328563631.0,-5.75,177,32.04,67,122.52,29,49.6,1.31,False,False,False
ANF,Abercrombie & Fitch Company,NYSE,Apparel/Footwear Retail,140.62,112.97,5.26,4.87,1705210.1,1998194.4666666666,280986106.0,28.75,17,53.35,30,63.64,79,48.58,5.03,True,False,False
OMER,Omeros Corporation,NASDAQ,Pharmaceuticals: Major,17.46,14.42,4.54,4.93,1326596.8,2056697.6,35909940.0,0.63,116,86.94,7,56.17,90,47.91,4.27,False,True,False
INSP,"Inspire Medical Systems, Inc.",NYSE,Medical Specialties,74.32,57.34,4.11,4.34,763086.3,696638.8,51774196.0,27.9,18,80.0,10,34.93,134,47.61,6.83,True,True,False
VRNS,"Varonis Systems, Inc.",NASDAQ,Packaged Software,47.48,44.26,4.13,4.29,2427757.999999998,1668804.5000000005,79234838.0,3.62,97,40.02,46,97.83,47,47.16,1.69,False,False,False
AMC,"AMC Entertainment Holdings, Inc.",NYSE,Movies/Entertainment,2.5,2.42,6.2,6.83,23355553.400000036,22119248.466666672,55298121.0,-4.94,164,12.61,133,133.64,23,47.1,0.5,False,False,False
RVMD,"Revolution Medicines, Inc.",NASDAQ,Pharmaceuticals: Other,205.11,198.56,4.02,3.72,1452330.1,1700554.7666666666,348800788.0,1.79,108,29.59,72,106.91,39,46.1,0.89,False,False,False
ZETA,Zeta Global Holdings Corp.,NYSE,Packaged Software,31.01,25.91,4.43,4.64,7409258.2,8806267.733333332,273082362.0,3.96,94,58.98,24,75.1,71,46.01,4.24,False,False,False
USDE,StablecoinX Inc.,NASDAQ,Packaged Software,7.44,3.82,17.96,16.1,4350327.8,6751443.233333333,50230738.0,187.26,1,-27.41,318,-23.69,342,45.38,5.89,True,False,False
PGY,Pagaya Technologies Ltd.,NASDAQ,Packaged Software,21.49,19.9,5.32,5.83,1947381.7999999952,2430820.333333334,52238329.0,-0.32,126,37.4,52,97.52,49,44.87,1.37,False,False,False
RBRK,"Rubrik, Inc.",NYSE,Information Technology Services,100.2,87.78,6.21,6.05,3416105.1,3687210.6666666665,369458509.0,-5.37,170,44.17,44,95.32,50,44.71,2.34,False,False,False
HPQ,HP Inc.,NYSE,Information Technology Services,34.02,28.3,4.94,4.77,16799976.899999995,15477063.600000104,526529704.0,8.69,70,38.12,51,82.9,60,43.24,4.24,False,False,False
PBF,PBF Energy Inc.,NYSE,Oil Refining/Marketing,70.4,66.87,5.73,6.02,3415084.2,3029106.1666666665,213249074.0,-5.16,166,80.56,9,53.04,97,42.81,0.88,False,True,False
SNOW,Snowflake Inc.,NYSE,Packaged Software,332.35,304.95,4.23,4.92,7265738.3,5243032.2,1742521752.0,-1.96,135,38.48,49,91.01,53,42.51,1.83,False,False,False
GH,"Guardant Health, Inc.",NASDAQ,Medical Specialties,167.84,159.84,4.89,4.84,1604458.7,1914330.2666666666,321301192.0,6.27,81,28.92,74,90.53,54,41.91,1.03,False,False,False
FROG,JFrog Ltd.,NASDAQ,Packaged Software,93.0,88.93,6.4,6.19,1996211.6,2133987.433333333,198460831.0,-2.79,142,15.69,119,112.57,37,41.82,0.74,False,False,False
GO,Grocery Outlet Holding Corp.,NASDAQ,Food Retail,11.66,10.54,4.35,4.54,2607590.7,2828038.3,32974927.0,9.38,66,21.21,95,94.01,51,41.53,2.35,False,False,False
FTNT,"Fortinet, Inc.",NASDAQ,Information Technology Services,170.18,159.26,4.31,4.2,4164984.3000000715,4401949.9333333615,749123840.0,2.67,104,14.31,123,106.44,40,41.14,1.63,False,False,False
QLYS,"Qualys, Inc.",NASDAQ,Packaged Software,172.91,166.38,5.33,5.78,772538.0,735064.5,127100003.0,-11.92,260,50.57,35,83.93,59,40.86,0.68,False,False,False
APPN,Appian Corporation,NASDAQ,Packaged Software,38.31,32.02,5.46,5.66,1031179.7,925141.4666666667,35442170.0,2.74,101,64.63,22,52.14,100,39.84,3.47,False,True,False
NAVN,"Navan, Inc.",NASDAQ,Packaged Software,21.37,26.92,6.4,7.63,5316992.3,3190580.7666666666,68182711.0,-28.58,401,7.71,151,137.44,20,38.86,-2.7,False,False,True
PENG,"Penguin Solutions, Inc.",NASDAQ,Semiconductors,46.59,57.14,5.3,7.86,1396931.7,1511754.9666666666,70432664.0,-23.42,368,-26.97,315,166.53,13,38.71,-2.35,False,False,True
SBET,"Sharplink, Inc.",NASDAQ,Advertising/Marketing Services,9.15,6.9,5.75,5.86,8300448.2,8506590.300000023,77835301.0,45.93,8,57.22,25,12.96,206,38.7,5.57,True,False,False
BULL,Webull Corporation,NASDAQ,Packaged Software,9.04,8.11,5.37,5.56,13546428.6,15445645.433333334,139628635.0,13.71,41,32.75,62,67.56,78,38.01,2.06,False,False,False
MRVL,"Marvell Technology, Inc.",NASDAQ,Semiconductors,218.82,216.32,4.96,7.04,19821513.1,23158031.366666667,5067440424.0,-1.16,130,-26.85,314,140.99,17,37.66,0.16,False,False,True
TH,Target Hospitality Corp.,NASDAQ,Hotels/Resorts/Cruise lines,18.55,17.23,5.44,5.36,2382868.7,1662239.5666666667,30834544.0,14.08,39,-1.54,192,99.03,45,37.19,1.43,False,False,False
XMTR,"Xometry, Inc.",NASDAQ,Information Technology Services,85.03,90.83,5.1,5.28,449403.8,557202.5333333333,47378931.0,-10.03,245,-2.02,194,122.53,28,36.83,-1.21,False,False,False
BMNR,"BitMine Immersion Technologies, Inc.",NYSE,Financial Conglomerates,25.76,19.55,6.32,6.31,41494570.7,39796234.03333333,1025150989.0,43.11,10,51.71,33,14.85,194,36.56,5.03,True,False,False
PAY,"Paymentus Holdings, Inc.",NYSE,Miscellaneous Commercial Services,37.08,35.08,4.14,4.66,1007169.2,1215625.1333333333,45075380.0,-12.07,263,71.83,17,48.98,106,36.24,1.23,False,True,False
PARR,"Par Pacific Holdings, Inc. Common Stock",NYSE,Oil Refining/Marketing,81.7,76.86,5.09,5.5,839848.1000000015,966174.7666666672,78936478.0,-0.23,124,55.62,27,52.71,99,36.03,1.14,False,False,False
BB,BlackBerry Limited,NYSE,Packaged Software,7.75,8.79,4.09,5.0,8691533.7,9442157.466666674,73176720.0,-14.27,283,-15.21,243,134.14,21,34.89,-2.37,False,False,True
NCNO,"nCino, Inc.",NASDAQ,Packaged Software,22.18,19.65,4.38,4.14,2297043.2,2481404.1666666665,55037544.0,6.38,80,49.97,37,47.87,109,34.74,3.12,False,False,False
AYA,Aya Gold & Silver Inc.,NASDAQ,Precious Metals,26.91,24.1,6.03,6.52,1211607.1,1119033.2666666666,30113185.0,-2.36,140,29.94,71,76.46,67,34.68,1.79,False,False,False
SYRE,"Spyre Therapeutics, Inc.",NASDAQ,Pharmaceuticals: Major,90.8,98.19,4.53,5.4,1170715.9,1034649.9,93946211.0,-10.29,246,8.69,147,105.06,41,34.49,-1.39,False,False,False
S,"SentinelOne, Inc.",NYSE,Packaged Software,22.61,20.15,4.79,5.09,8831109.9,8082377.166666667,182742548.0,-4.9,163,49.24,38,57.89,86,34.08,2.4,False,False,False
MRX,Marex Group Limited,NASDAQ,Internet Software/Services,70.82,68.14,4.25,4.62,944625.3,736228.1666666666,52139679.0,-2.14,137,12.79,130,90.33,55,33.66,0.85,False,False,False
PI,"Impinj, Inc.",NASDAQ,Semiconductors,173.09,158.14,5.49,5.47,385392.1,412262.73333333334,71358557.0,-2.48,141,27.97,82,74.68,72,33.39,1.73,False,False,False
GRAL,"GRAIL, Inc.",NASDAQ,Medical Specialties,75.53,73.4,5.39,5.68,591624.0,718483.0,54267021.0,11.11,55,32.23,66,54.77,96,32.7,0.51,False,False,False
NET,"Cloudflare, Inc.",NYSE,Information Technology Services,330.36,286.86,4.82,5.22,3202702.4,3779963.1333333333,1248748621.0,-0.19,123,41.34,45,56.49,89,32.54,2.9,False,False,False
TGTX,"TG Therapeutics, Inc.",NASDAQ,Pharmaceuticals: Major,54.0,53.6,4.05,4.26,1634085.4,2017132.4,108925150.0,14.24,38,7.12,152,72.91,73,31.42,0.18,False,False,False
NTAP,"NetApp, Inc.",NASDAQ,Computer Peripherals,188.28,182.14,4.62,4.67,2893323.1,2542401.3,478670605.0,-8.15,214,16.17,116,86.06,57,31.36,0.72,False,False,False
BFLY,"Butterfly Network, Inc.",NYSE,Medical Specialties,7.41,7.99,6.6,7.22,4096133.3,5192863.366666666,38479118.0,-14.34,285,31.15,69,76.01,68,30.94,-1.01,False,False,False
SPSC,"SPS Commerce, Inc.",NASDAQ,Packaged Software,83.03,73.04,4.17,4.46,629516.4,567611.5333333333,47128786.0,3.3,99,50.04,36,39.36,123,30.9,3.07,False,False,False
CNH,CNH Industrial N.V.,NYSE,Trucks/Construction/Farm Machinery,13.75,11.3,4.33,4.18,34194424.400000006,22630263.1,311166118.0,32.85,14,28.38,81,29.84,150,30.36,5.18,True,False,False
WDAY,"Workday, Inc.",NASDAQ,Information Technology Services,194.21,171.82,4.08,4.71,2918857.1,4285860.333333333,832356935.0,-6.56,187,52.67,31,44.77,114,30.29,2.77,False,False,False
ESTC,Elastic N.V.,NYSE,Packaged Software,85.11,74.64,5.19,5.51,2895488.5,2902401.933333333,247023429.0,-1.05,129,36.9,54,54.83,95,30.23,2.55,False,False,False
INTC,Intel Corporation,NASDAQ,Semiconductors,97.19,97.89,4.02,5.8,89577251.8,97876872.8,9512653267.0,-6.98,193,-22.31,284,119.89,31,30.2,-0.12,False,False,False
TENB,"Tenable Holdings, Inc.",NASDAQ,Packaged Software,35.08,35.9,6.11,6.62,5788920.7,4485291.433333334,157344023.0,-12.32,265,26.73,85,75.66,69,30.03,-0.34,False,False,False
SAIL,"SailPoint, Inc.",NASDAQ,Packaged Software,19.88,17.32,6.26,6.42,4753862.2,3697694.566666667,73510168.0,-0.3,125,39.9,47,49.98,104,29.86,2.3,False,False,False
MMED,"MiniMed Group, Inc.",NASDAQ,Medical Specialties,21.97,18.95,5.17,4.95,2914063.9,1756151.4333333333,38582647.0,9.47,64,46.08,42,30.7,146,28.75,3.22,False,False,False
ELF,"e.l.f. Beauty, Inc.",NYSE,Household/Personal Care,96.76,90.27,4.3,4.63,1681383.1,2173083.2,210267530.0,5.62,83,48.86,40,31.65,144,28.71,1.55,False,False,False
WIX,Wix.com Ltd.,NASDAQ,Packaged Software,83.33,66.71,5.91,6.14,1691944.0,1705092.5333333334,142085361.0,6.83,77,84.97,8,-6.16,278,28.55,4.06,False,True,False
FCEL,"FuelCell Energy, Inc.",NASDAQ,Electronic Equipment/Instruments,15.28,19.93,8.45,12.42,8400598.299999997,7896775.6666666595,120662732.0,-24.11,374,-10.12,221,118.6,33,28.12,-1.88,False,False,False
CBRL,"Cracker Barrel Old Country Store, Inc.",NASDAQ,Restaurants,50.53,54.55,4.13,4.43,825646.8,765629.6,38687264.0,-12.53,267,16.54,113,80.08,65,28.03,-1.66,False,False,False
WGS,GeneDx Holdings Corp.,NASDAQ,Medical/Nursing Services,89.74,74.74,4.72,5.11,461589.8000000012,655531.4666666662,58827394.0,14.06,40,48.06,41,19.54,178,27.22,3.93,False,False,False
HOOD,"Robinhood Markets, Inc.",NASDAQ,Investment Banks/Brokers,114.33,103.47,5.25,5.5,22931968.6,19956483.533333335,2281624762.0,16.66,26,14.14,124,50.18,103,26.99,1.91,False,False,False
SN,"SharkNinja, Inc.",NYSE,Electronics/Appliances,169.62,168.65,4.13,4.11,1929382.6,1819604.0333333334,308641236.0,-9.55,236,27.14,84,62.58,80,26.73,0.14,False,False,False
SNDK,Sandisk Corporation,NASDAQ,Computer Peripherals,1551.99,1514.01,5.8,7.71,11776328.2,13105323.6,20339331174.0,-5.76,178,-27.28,317,112.6,36,26.52,0.33,False,False,False
SMTC,Semtech Corporation,NASDAQ,Semiconductors,147.05,133.84,6.83,7.86,2716803.7,3026431.6333333333,445036772.0,9.88,62,-14.18,238,81.84,62,25.85,1.26,False,False,False
MU,"Micron Technology, Inc.",NASDAQ,Semiconductors,924.03,927.58,4.04,5.77,25672256.9,28827629.5,26637594487.0,-5.65,173,-15.97,250,98.82,46,25.73,-0.07,False,False,False
WT,"WisdomTree, Inc.",NYSE,Investment Managers,22.79,21.76,4.71,4.42,2582201.1,2570287.566666667,58576854.0,1.02,112,22.79,93,52.95,98,25.59,1.07,False,False,False
NESR,National Energy Services Reunited Corp,NASDAQ,Oilfield Services/Equipment,32.74,31.13,4.01,4.61,1478147.0,1977231.9333333333,64734573.0,-9.28,232,25.87,86,59.09,84,25.23,1.13,False,False,False
DUOL,"Duolingo, Inc.",NASDAQ,Packaged Software,151.14,137.7,4.69,5.32,1295478.9,1334777.8666666667,201738327.0,5.4,85,19.96,100,49.5,105,24.95,1.84,False,False,False
ZS,"Zscaler, Inc.",NASDAQ,Packaged Software,191.73,163.82,4.92,5.28,4361044.1,2952347.0,566053490.0,0.91,114,49.23,39,24.65,160,24.93,3.22,False,False,False
ASAN,"Asana, Inc.",NYSE,Packaged Software,9.66,8.59,4.87,6.26,7367897.0,5250987.666666667,50724541.0,-1.83,134,31.61,68,44.61,116,24.8,1.99,False,False,False
SRPT,"Sarepta Therapeutics, Inc.",NASDAQ,Pharmaceuticals: Major,20.92,18.52,7.41,6.65,3242987.2,3085094.0,64540166.0,14.82,37,32.66,63,26.18,158,24.55,1.95,False,False,False
NOW,"ServiceNow, Inc.",NYSE,Packaged Software,142.35,120.25,4.03,4.68,15560769.4,17353447.8,2470263294.0,11.47,51,38.34,50,23.78,164,24.53,3.92,False,False,False
GCT,GigaCloud Technology Inc,NASDAQ,Wholesale Distributors,52.74,45.42,4.64,4.74,566098.6,635031.6333333333,33491568.0,-1.03,128,52.6,32,21.66,168,24.41,3.4,False,False,False
DDOG,"Datadog, Inc.",NASDAQ,Packaged Software,230.05,245.93,4.74,5.45,3885257.4,4673996.7,1075252941.0,-8.85,226,-1.36,190,80.59,63,23.46,-1.18,False,False,False
PRGO,Perrigo Company plc,NYSE,Pharmaceuticals: Major,13.65,12.31,4.23,4.36,2442101.9,2714904.566666667,37058447.0,7.31,74,27.57,83,34.75,135,23.21,2.5,False,False,False
HUT,Hut 8 Corp.,NASDAQ,Data Processing Services,91.13,94.13,7.22,9.14,4676158.400000008,4870476.033333332,443846481.0,11.54,50,-24.84,300,80.58,64,22.43,-0.35,False,False,False
MANE,"Veradermics, Incorporated",NYSE,Pharmaceuticals: Major,101.7,107.7,4.58,5.58,523352.6,709201.9666666667,72125840.0,-7.78,210,6.47,155,68.1,77,22.26,-1.0,False,False,False
SWKS,"Skyworks Solutions, Inc.",NASDAQ,Semiconductors,79.26,66.31,5.6,5.46,8691378.2,5974429.366666666,473533272.0,12.59,45,5.27,161,48.18,107,22.01,3.58,False,False,False
NWL,Newell Brands Inc.,NASDAQ,Industrial Machinery,5.77,5.72,5.2,5.39,7900205.5,7833442.0,45198960.0,-5.72,175,20.96,96,50.65,102,21.97,0.15,False,False,False
BLSH,Bullish,NYSE,Packaged Software,37.62,27.31,5.15,5.62,1343686.1,1566179.7666666666,58919683.0,37.25,11,32.6,64,-4.9,272,21.65,6.72,True,False,False
BSP,Bending Spoons S.p.A.,NASDAQ,Packaged Software,41.05,38.62,6.4,7.69,1406335.0,2037177.4,83626132.0,-0.56,127,32.42,65,32.42,143,21.43,0.82,False,False,False
BE,Bloom Energy Corporation,NYSE,Electronic Production Equipment,257.05,225.43,5.73,7.65,14181417.5,13235490.433333334,3402182816.0,10.01,60,-6.22,205,59.23,83,21.01,1.83,False,False,False
PTRN,Pattern Group Inc. - Series A,NASDAQ,Advertising/Marketing Services,19.97,23.27,4.08,5.17,1143272.9,1580107.9666666666,31554756.0,-12.22,264,2.67,171,72.45,74,20.97,-2.74,False,False,False
SHAZ,"SharonAI Holdings, Inc.",NASDAQ,Data Processing Services,51.91,61.43,8.11,11.51,1601385.5,1754866.2666666666,91095108.0,-25.85,384,-25.84,306,111.88,38,20.06,-1.35,False,False,False
VG,"Venture Global, Inc.",NYSE,Oil & Gas Pipelines,15.27,13.77,4.16,4.72,15284608.4,13997930.333333334,213748396.0,11.7,49,34.06,60,14.38,200,20.05,2.31,False,False,False
IOT,Samsara Inc.,NYSE,Packaged Software,42.91,38.29,5.52,5.81,10514160.3,6627403.633333334,284381890.0,2.22,106,28.82,75,28.74,155,19.93,2.08,False,False,False
TARS,"Tarsus Pharmaceuticals, Inc.",NASDAQ,Pharmaceuticals: Major,79.95,67.9,4.71,4.43,950084.3,793511.4333333333,63441239.0,16.17,27,28.68,77,14.56,197,19.8,4.01,False,False,False
TEM,"Tempus AI, Inc.",NASDAQ,Packaged Software,62.21,55.92,6.93,6.88,5443253.1,6753834.366666666,420156036.0,15.42,31,19.77,102,24.05,161,19.75,1.64,False,False,False
RUM,RUM Group Inc.,NASDAQ,Internet Software/Services,8.0,7.19,8.79,8.44,5690141.9,4826286.333333333,38610291.0,6.52,79,3.9,165,47.6,110,19.34,1.34,False,False,False
AEHR,Aehr Test Systems,NASDAQ,Electronic Production Equipment,83.37,91.25,8.28,12.22,3479133.8,2758661.8333333335,229989637.0,-37.6,417,-26.65,311,121.38,30,19.04,-0.71,False,False,False
MNDY,monday.com Ltd.,NASDAQ,Packaged Software,96.1,87.3,4.92,5.97,1237117.4,1411705.3666666667,135671944.0,2.22,105,25.4,88,29.45,152,19.02,1.69,False,False,False
AUGO,Aura Minerals Inc.,NASDAQ,Other Metals/Minerals,86.3,70.68,4.55,5.16,1007437.4000000013,998839.2666666654,86199829.0,13.6,42,28.59,78,14.67,195,18.95,4.28,False,False,False
STX,Seagate Technology Holdings PLC,NASDAQ,Computer Peripherals,805.55,847.92,5.13,6.77,3402132.7,3952119.7,3183630024.0,-14.42,286,-22.84,288,92.01,52,18.25,-0.74,False,False,False
SEZL,Sezzle Inc.,NASDAQ,Packaged Software,121.57,144.56,4.02,5.84,419815.6,690050.4333333335,83889431.0,-6.69,188,-17.38,259,78.46,66,18.13,-2.72,False,False,False
AUR,"Aurora Innovation, Inc.",NASDAQ,Packaged Software,6.46,6.31,4.46,5.32,28306754.9,28880896.533333335,186570592.0,-4.51,160,1.57,174,55.66,93,17.58,0.44,False,False,False
P,"Everpure, Inc.",NYSE,Computer Peripherals,93.78,90.04,6.01,5.95,2602250.4,3279473.566666667,307549031.0,-20.43,343,25.51,87,47.22,111,17.43,0.7,False,False,False
CDW,CDW Corporation,NASDAQ,Information Technology Services,151.7,140.94,4.52,4.55,1649615.8,1880451.5666666667,285264503.0,6.11,82,15.36,120,29.91,149,17.13,1.68,False,False,False
CCC,CCC Intelligent Solutions Holdings Inc.,NASDAQ,Packaged Software,6.76,6.61,4.39,4.85,10405114.2,9774391.1,66074884.0,-5.32,168,45.69,43,10.64,214,17.0,0.47,False,False,False
NBIS,Nebius Group N.V.,NASDAQ,Packaged Software,212.19,211.61,5.62,8.46,13402678.1,20957049.033333335,4446876234.0,-17.78,318,-16.94,255,84.83,58,16.7,0.03,False,False,False
KOS,Kosmos Energy Ltd.,NYSE,Integrated Oil,2.92,2.59,4.97,5.32,11257801.3,11996520.8,35029841.0,14.96,35,16.8,111,18.22,181,16.66,2.35,False,False,False
AFRM,"Affirm Holdings, Inc.",NASDAQ,Finance/Rental/Leasing,73.38,75.92,5.15,5.09,5481149.2,4758869.966666667,349205878.0,-6.95,191,1.21,178,55.66,92,16.64,-0.66,False,False,False
OII,"Oceaneering International, Inc.",NYSE,Industrial Machinery,46.56,48.32,4.14,4.63,822281.1,847332.3666666667,39451795.0,-9.49,234,23.53,91,35.27,131,16.44,-0.79,False,False,False
ALAB,"Astera Labs, Inc.",NASDAQ,Semiconductors,257.04,315.53,6.27,9.28,3884622.2,4022502.6666666665,1033944085.0,-20.37,340,-33.0,346,102.3,43,16.31,-2.0,False,False,False
BLLN,"BillionToOne, Inc.",NASDAQ,Medical/Nursing Services,100.82,111.66,4.8,5.79,561269.0,749739.3333333334,75588720.0,7.1,75,-3.21,195,44.75,115,16.21,-1.68,False,False,False
PATH,"UiPath, Inc.",NYSE,Packaged Software,14.66,14.18,6.34,6.83,64110001.3,66232255.43333333,970964865.0,-12.0,262,36.75,56,23.82,162,16.19,0.49,False,False,False
FIVE,"Five Below, Inc.",NASDAQ,Discount Stores,249.59,224.67,4.11,3.97,1363188.9,1105848.4,276008702.0,2.72,102,28.47,80,16.52,187,15.91,2.79,False,False,False
FDS,FactSet Research Systems Inc.,NYSE,Financial Publishing/Services,276.93,276.31,4.08,4.59,998989.9,857747.1,237535904.0,-4.03,156,16.47,115,34.43,136,15.62,0.05,False,False,False
MSTR,Strategy Inc,NASDAQ,Internet Software/Services,136.94,107.69,6.02,6.11,22375341.5,24255550.166666668,3321555040.0,44.19,9,5.84,158,-5.55,275,14.83,4.44,True,False,False
RELY,"Remitly Global, Inc.",NASDAQ,Miscellaneous Commercial Services,22.25,24.49,5.05,5.22,4110834.9,3682544.6,81936617.0,-13.69,278,12.77,131,44.2,117,14.43,-1.75,False,False,False
PTEN,"Patterson-UTI Energy, Inc.",NASDAQ,Oil & Gas Production,12.42,10.97,4.43,4.49,8297298.5,7811198.166666667,97015081.0,12.76,43,15.21,121,15.21,193,14.39,2.94,False,False,False
FTFT,Future FinTech Group Inc.,NASDAQ,Finance/Rental/Leasing,8.04,4.17,11.63,13.19,27817950.5,9798875.633333333,78782960.0,146.63,2,-40.67,382,-62.78,418,14.39,7.05,True,False,False
AI,"C3.ai, Inc.",NYSE,Packaged Software,11.17,9.7,4.45,4.6,6319095.4,5000595.1,55856647.0,9.4,65,2.48,172,29.13,154,13.67,3.3,False,False,False
BRKR,Bruker Corporation,NASDAQ,Medical Specialties,52.66,58.13,4.26,4.91,1909034.2,2278828.7333333334,120003121.0,-8.58,221,-7.24,208,56.73,87,13.64,-1.92,False,False,False
FIGR,"Figure Technology Solutions, Inc.",NASDAQ,Finance/Rental/Leasing,35.65,32.33,7.69,7.51,4441973.3,4567431.3,162828926.0,10.99,56,22.97,92,5.88,230,13.28,1.37,False,False,False
EGO,Eldorado Gold Corporation,NYSE,Precious Metals,41.16,37.23,4.05,4.94,2579687.5,2741759.3333333335,112850814.0,4.89,89,20.32,98,14.59,196,13.27,2.13,False,False,False
BETA,"Beta Technologies, Inc.",NYSE,Aerospace & Defense,20.68,20.78,7.29,7.54,2422023.8,2234490.7666666666,46209269.0,-17.97,319,24.35,90,32.56,142,12.98,-0.06,False,False,False
BRZE,"Braze, Inc.",NASDAQ,Internet Software/Services,25.6,27.47,6.04,7.3,3656766.3,2856171.8,73117998.0,-14.67,289,17.73,107,35.31,129,12.79,-0.93,False,False,False
SNAP,Snap Inc.,NYSE,Packaged Software,5.84,5.1,5.46,5.09,31759193.4,40265324.06666667,235149493.0,8.75,69,2.1,173,27.51,156,12.79,2.85,False,False,False
VSAT,"ViaSat, Inc.",NASDAQ,Telecommunications Equipment,71.64,75.18,5.33,6.1,1598528.6,1859565.4666666666,133219270.0,-13.58,276,9.27,145,42.6,118,12.76,-0.77,False,False,False
PLTR,Palantir Technologies Inc.,NASDAQ,Packaged Software,173.31,154.81,4.12,4.31,26728104.5,40303537.46666667,6985006078.0,-3.44,150,28.77,76,11.85,212,12.39,2.77,False,False,False
VSXY,Victorias Secret & Co.,NYSE,Apparel/Footwear Retail,74.54,84.91,5.16,5.78,2774151.0,1858898.6,138562302.0,-18.09,320,-6.94,207,61.9,81,12.29,-2.12,False,False,False
BTSG,"BrightSpring Health Services, Inc.",NASDAQ,Medical/Nursing Services,60.3,64.2,4.16,4.3,2278213.6,2513792.8666666667,151581710.0,1.09,110,-6.21,204,41.88,119,12.26,-1.41,False,False,False
ERO,Ero Copper Corp.,NYSE,Other Metals/Minerals,33.68,31.47,5.07,6.18,1522758.2,1624976.3,54729202.0,-2.97,144,8.89,146,30.34,147,12.09,1.14,False,False,False
HUBS,"HubSpot, Inc.",NYSE,Packaged Software,250.61,228.52,4.43,5.8,1207577.1,1801508.8666666667,451476137.0,4.2,92,35.89,57,-3.91,265,12.06,1.67,False,False,False
SG,"Sweetgreen, Inc.",NYSE,Restaurants,7.25,6.64,5.32,6.09,5051738.1,6021666.633333334,43657083.0,20.83,22,-17.61,261,31.34,145,11.52,1.52,True,False,False
HP,"Helmerich & Payne, Inc.",NYSE,Contract Drilling,42.63,38.81,4.14,4.12,1333914.9,1386235.5333333334,59095221.0,-1.82,133,16.51,114,19.75,177,11.48,2.39,False,False,False
RBLX,Roblox Corporation,NYSE,Packaged Software,51.29,44.54,4.13,4.66,10729728.6,12429133.566666666,637490261.0,33.26,13,11.74,137,-10.57,298,11.48,3.25,True,False,False
MARA,"MARA Holdings, Inc.",NASDAQ,Data Processing Services,11.5,11.25,6.94,7.86,41953547.1,46375917.53333333,533323052.0,27.64,19,-20.96,276,27.21,157,11.3,0.28,True,False,False
ARXS,"Arxis, Inc.",NASDAQ,Aerospace & Defense,49.11,50.26,4.12,4.93,664862.6,637880.3,31326302.0,-15.33,293,19.87,101,29.24,153,11.26,-0.47,False,False,False
COHU,"Cohu, Inc.",NASDAQ,Semiconductors,49.97,52.16,5.9,7.95,986997.2,942480.1333333333,47095732.0,-13.04,271,-22.6,287,69.28,76,11.21,-0.53,False,False,False
RIOT,"Riot Platforms, Inc.",NASDAQ,Information Technology Services,20.95,20.63,6.44,7.66,14132963.5,19555635.3,409690560.0,11.32,53,-22.89,289,44.88,113,11.1,0.2,False,False,False
ETSY,"Etsy, Inc.",NYSE,Internet Retail,74.46,80.89,4.17,4.43,3056065.6,3231462.8,240614720.0,-7.57,204,2.77,170,37.97,124,11.06,-1.79,False,False,False
WAY,Waystar Holding Corp.,NASDAQ,Packaged Software,24.9,23.79,4.29,4.4,1731094.1,2388582.933333333,59475715.0,-2.81,143,33.8,61,1.8,243,10.93,1.06,False,False,False
TDW,Tidewater Inc.,NYSE,Marine Shipping,88.58,84.39,4.41,4.35,651568.5,659507.5333333333,58419177.0,-4.24,158,20.34,97,16.4,188,10.83,1.14,False,False,False
COIN,"Coinbase Global, Inc.",NASDAQ,Investment Banks/Brokers,191.45,165.57,5.14,5.77,8427696.8,9147376.6,1751265250.0,26.44,21,13.08,128,-7.41,280,10.7,2.71,True,False,False
SMCIP,"Super Micro Computer, Inc. - Depositary Shares Each Representing a 1/20th Interest in a Share of 7% Series A Mandatory Convertible Preferred Stock",NASDAQ,Computer Processing Hardware,62.31,56.5,4.27,5.35,672227.8,674827.3666666667,42048493.0,-7.52,202,16.75,112,22.78,166,10.67,1.92,False,False,False
IBRX,"ImmunityBio, Inc.",NASDAQ,Pharmaceuticals: Major,8.37,7.79,4.79,5.12,7784062.4,8318444.9,69625384.0,10.28,59,17.56,109,3.59,238,10.47,1.44,False,False,False
MDB,"MongoDB, Inc.",NASDAQ,Packaged Software,382.29,376.05,4.8,5.72,2678171.9,1896729.2666666666,725100631.0,-18.63,327,8.3,149,41.47,120,10.38,0.29,False,False,False
SMCI,"Super Micro Computer, Inc.",NASDAQ,Computer Processing Hardware,36.74,32.72,5.45,6.54,35785935.2,48627217.266666666,1786563962.0,-6.18,181,19.71,103,17.31,183,10.28,1.88,False,False,False
EXPE,"Expedia Group, Inc.",NASDAQ,Other Consumer Services,287.86,296.24,4.27,4.44,1970062.3,1692538.3333333333,487214085.0,-12.51,266,21.41,94,21.52,169,10.14,-0.64,False,False,False
HIVE,HIVE Digital Technologies Ltd,NASDAQ,Information Technology Services,2.99,2.96,5.83,7.28,12995559.999999994,20654261.433333337,61756242.0,16.8,25,-23.33,292,35.91,128,9.79,0.13,False,False,False
CLSK,"CleanSpark, Inc.",NASDAQ,Data Processing Services,13.27,12.94,6.5,7.66,15869244.3,19154288.133333333,254177404.0,17.28,24,-21.9,280,33.37,140,9.58,0.33,False,False,False
DAR,Darling Ingredients Inc.,NYSE,Food: Specialty/Candy,64.92,63.13,4.03,3.98,2275705.2,2481696.3,161111724.0,-2.16,138,17.35,110,13.48,203,9.56,0.71,False,False,False
DSGX,The Descartes Systems Group Inc.,NASDAQ,Packaged Software,80.02,75.64,4.03,4.13,1005378.4,635239.4666666667,50831862.0,3.6,98,10.51,143,12.99,205,9.03,1.4,False,False,False
SANM,Sanmina Corporation,NASDAQ,Electronic Production Equipment,196.04,200.75,4.55,5.81,539665.5,599331.6,117492967.0,-5.29,167,-25.26,303,56.12,91,8.52,-0.4,False,False,False
BTDR,Bitdeer Technologies Group,NASDAQ,Data Processing Services,11.66,11.17,6.69,8.45,10061577.5,14098312.133333333,164386319.0,31.9,15,-35.9,358,29.56,151,8.52,0.52,True,False,False
ERAS,"Erasca, Inc.",NASDAQ,Pharmaceuticals: Major,16.16,18.12,7.05,6.81,4421899.1,3585975.3666666667,57949362.0,-7.66,206,11.99,136,20.96,173,8.43,-1.59,False,False,False
KSS,Kohl's Corporation,NYSE,Department Stores,17.17,18.18,5.97,5.71,4156995.7,4275817.866666666,73415793.0,-11.81,258,1.54,175,35.3,130,8.34,-0.98,False,False,False
ACHC,"Acadia Healthcare Company, Inc.",NASDAQ,Medical/Nursing Services,28.0,30.46,5.07,5.31,1250696.3,1581787.5333333334,44290051.0,-6.98,192,11.73,138,19.97,176,8.24,-1.52,False,False,False
BHVN,Biohaven Ltd.,NYSE,Pharmaceuticals: Major,12.64,14.66,10.78,9.05,3120470.8,2972771.5,37575832.0,-14.54,287,5.16,163,34.04,139,8.22,-1.52,False,False,False
AXGN,"Axogen, Inc.",NASDAQ,Medical Specialties,43.78,45.11,5.14,5.77,1397535.0,1054650.8333333333,46172613.0,-9.09,229,-0.5,186,34.05,138,8.15,-0.51,False,False,False
FSLY,"Fastly, Inc.",NASDAQ,Information Technology Services,24.86,22.69,6.22,7.53,5432065.0,6199666.5,154123709.0,-17.24,315,36.89,55,3.45,239,7.7,1.27,False,False,False
CRCL,"Circle Internet Group, Inc.",NYSE,Packaged Software,97.42,75.06,6.62,6.61,13890419.3,14418033.1,1404604785.0,30.84,16,18.08,106,-25.91,353,7.67,4.51,True,False,False
GENI,Genius Sports Limited,NYSE,Internet Software/Services,6.8,7.22,5.72,6.12,4671962.0,6031233.333333333,41012387.0,-14.14,282,-0.44,185,37.1,126,7.51,-0.94,False,False,False
AGIO,"Agios Pharmaceuticals, Inc.",NASDAQ,Pharmaceuticals: Major,33.22,35.26,4.05,4.37,791031.3,926884.6333333333,30791108.0,0.36,120,3.88,166,16.28,189,6.84,-1.33,False,False,False
CLF,Cleveland-Cliffs Inc.,NYSE,Steel,11.65,11.25,4.13,5.04,11167251.0,14219896.866666667,165661798.0,-4.27,159,-16.07,251,40.7,121,6.79,0.71,False,False,False
LYFT,"Lyft, Inc.",NASDAQ,Other Transportation,15.9,16.26,4.12,4.37,10782479.0,11041760.533333333,175563992.0,-7.67,207,11.19,140,14.47,199,6.0,-0.51,False,False,False
CNXC,Concentrix Corporation,NASDAQ,Information Technology Services,29.27,25.82,6.94,6.64,1359853.7,1205247.8333333333,35277604.0,15.06,33,12.84,129,-10.13,293,5.92,2.01,False,False,False
SLB,SLB Limited,NYSE,Contract Drilling,53.32,51.78,4.14,3.66,14967897.3,11643519.7,620832470.0,2.01,107,-0.98,189,16.19,190,5.74,0.81,False,False,False
VSH,"Vishay Intertechnology, Inc.",NYSE,Electronic Production Equipment,30.8,35.12,4.25,6.67,4028418.6,4186235.566666667,128936055.0,-8.06,213,-51.4,413,75.3,70,5.28,-1.85,False,False,False
KEEL,Keel Infrastructure Corp.,NASDAQ,Data Processing Services,3.45,3.82,6.9,9.52,32026895.7,36022743.43333333,124278465.0,5.02,86,-38.17,371,48.07,108,4.97,-1.01,False,False,False
TGB,Trekor Metals Limited,AMEX,Other Metals/Minerals,7.84,7.98,4.86,6.12,4806915.6,5713164.566666666,44791210.0,-7.44,198,0.9,180,20.25,175,4.57,-0.29,False,False,False
HL,Hecla Mining Company,NYSE,Precious Metals,18.82,17.51,4.81,5.4,25964284.5,34092376.333333336,641618523.0,4.04,93,11.36,139,-2.16,258,4.41,1.39,False,False,False
SITM,SiTime Corporation,NASDAQ,Semiconductors,558.35,600.76,5.76,7.89,380840.9,429649.8,239894966.0,-19.08,331,-26.5,310,58.65,85,4.36,-0.89,False,False,False
MOS,Mosaic Company (The),NYSE,Chemicals: Agricultural,25.05,23.13,4.08,4.17,8275326.7,8110412.066666666,203165822.0,15.23,32,12.23,135,-14.53,307,4.31,1.99,False,False,False
NUAI,"New Era Energy & Digital, Inc.",NASDAQ,Engineering & Construction,5.6,5.04,7.91,9.37,6144717.1,5784546.733333333,32393462.0,10.67,58,1.27,176,0.9,247,4.28,1.18,False,False,False
DOCN,"DigitalOcean Holdings, Inc.",NYSE,Packaged Software,120.21,122.95,6.56,7.89,2549096.3,2592609.066666667,311657536.0,-8.82,224,-33.48,348,55.11,94,4.27,-0.28,False,False,False
HCC,"Warrior Met Coal, Inc.",NYSE,Coal,95.46,91.88,4.48,4.69,477373.7,563810.9333333333,53821392.0,-0.18,122,0.65,182,11.77,213,4.08,0.83,False,False,False
SPHR,Sphere Entertainment Co.,NYSE,Media Conglomerates,147.4,149.53,4.07,4.57,569873.9,679137.9666666667,100104936.0,-16.57,309,-4.45,199,32.78,141,3.92,-0.31,False,False,False
HIMS,"Hims & Hers Health, Inc.",NYSE,Medical/Nursing Services,28.81,30.88,5.15,6.19,8654709.4,11623763.266666668,334880620.0,-1.17,131,-3.9,196,16.64,186,3.86,-1.08,False,False,False
CVNA,Carvana Co.,NYSE,Specialty Stores,70.87,69.37,4.17,4.71,5892347.1,7805161.033333333,553151762.0,-4.0,155,1.24,177,13.9,202,3.72,0.46,False,False,False
FOUR,"Shift4 Payments, Inc.",NYSE,Miscellaneous Commercial Services,45.32,47.62,6.42,6.66,2194320.6,2108311.566666667,95548680.0,-5.74,176,13.3,125,2.53,242,3.36,-0.73,False,False,False
FIG,FIGMA INC,NYSE,Packaged Software,23.91,24.52,6.52,6.89,15559437.7,19374474.8,463243692.0,-9.05,228,30.8,70,-11.74,303,3.34,-0.36,False,False,False
SHOP,Shopify Inc.,NASDAQ,Miscellaneous Commercial Services,133.89,135.43,4.27,4.85,9415082.0,9890494.866666667,1324238358.0,-15.44,297,19.57,104,5.48,232,3.2,-0.23,False,False,False
CDE,"Coeur Mining, Inc.",NYSE,Precious Metals,19.88,17.97,4.49,5.14,28932835.0,36594750.86666667,727503647.0,5.41,84,5.21,162,-1.05,253,3.19,2.07,False,False,False
HBM,Hudbay Minerals Inc.,NYSE,Other Metals/Minerals,25.63,25.36,4.44,5.64,3320072.2,4211018.633333343,107928408.0,-3.76,153,-11.07,225,23.82,163,3.0,0.19,False,False,False
KVYO,"Klaviyo, Inc. Series A",NYSE,Packaged Software,17.4,17.93,5.75,6.43,6725529.8,6875752.2,119638088.0,-9.23,231,25.36,89,-7.5,281,2.88,-0.46,False,False,False
DIOD,Diodes Incorporated,NASDAQ,Semiconductors,90.31,92.27,4.05,5.69,523445.1,652612.0,58937390.0,-8.45,219,-19.63,271,36.58,127,2.83,-0.37,False,False,False
CCXI,Churchill Capital Corp. XI Class A,NASDAQ,Financial Conglomerates,12.0,14.74,5.24,7.28,1755553.1,2500175.6333333333,30002108.0,-27.84,398,17.65,108,18.58,180,2.79,-2.56,False,False,False
INFQ,"Infleqtion, Inc.",NYSE,Computer Processing Hardware,12.6,11.65,6.28,7.2,7491126.4,8973414.7,113065025.0,2.69,103,-13.19,234,18.87,179,2.79,1.13,False,False,False
WEN,Wendy's Company (The),NASDAQ,Restaurants,7.63,7.9,4.05,4.82,5470046.3,9021861.033333333,68836800.0,-11.89,259,9.78,144,9.0,218,2.3,-0.72,False,False,False
GWRE,"Guidewire Software, Inc.",NYSE,Information Technology Services,153.0,162.76,5.32,6.91,2102505.9,1420451.5,217329080.0,-16.76,312,28.57,79,-5.44,274,2.12,-0.87,False,False,False
RXO,"RXO, Inc.",NYSE,Packaged Software,19.46,23.27,5.38,5.91,1614855.7,1660912.1333333333,32321350.0,-16.05,304,-29.34,326,51.44,101,2.02,-2.77,False,False,False
WRBY,Warby Parker Inc.,NYSE,Specialty Stores,25.71,26.18,4.41,5.37,2532068.3,2615469.6,67243723.0,0.71,115,-4.0,197,9.31,217,2.01,-0.33,False,False,False
FIGS,"FIGS, Inc.",NYSE,Apparel/Footwear,13.98,12.46,4.57,5.06,2872920.0,3072589.7,42954804.0,-3.72,152,13.29,126,-3.59,263,1.99,2.42,False,False,False
HRI,Herc Holdings Inc.,NYSE,Finance/Rental/Leasing,140.42,153.85,5.37,5.44,622390.6,449988.43333333335,63187376.0,-16.56,308,-7.85,210,30.22,148,1.94,-1.61,False,False,False
OUST,"Ouster, Inc.",NASDAQ,Semiconductors,33.46,39.44,5.14,8.07,1801831.4,2484165.5,83120178.0,-27.32,394,-25.64,305,56.65,88,1.23,-1.88,False,False,False
DJT,Trump Media & Technology Group Corp.,NASDAQ,Advertising/Marketing Services,8.85,9.17,5.36,5.77,3206418.0,3979591.6,35219386.0,6.88,76,5.48,160,-9.0,289,1.12,-0.61,False,False,False
DLTR,"Dollar Tree, Inc.",NASDAQ,Discount Stores,119.17,127.02,4.33,3.9,2582046.0,2376503.7666666666,283207954.0,-8.32,216,4.24,164,7.39,223,1.1,-1.59,False,False,False
VCYT,"Veracyte, Inc.",NASDAQ,Medical Specialties,41.21,48.99,4.36,4.93,1067838.5,1231935.7,50768070.0,-3.13,146,-17.02,256,23.27,165,1.04,-3.22,False,False,False
LITE,Lumentum Holdings Inc.,NASDAQ,Electrical Products,835.03,828.58,6.62,8.33,4092717.8,4698283.933333334,3923208033.0,-6.46,186,-12.88,233,17.75,182,-0.53,0.09,False,False,False
SGRY,"Surgery Partners, Inc.",NASDAQ,Hospital/Nursing Management,14.04,15.12,4.36,4.96,2329040.6,2415804.3333333335,33917893.0,-6.71,189,-7.87,211,12.68,209,-0.63,-1.44,False,False,False
NKTR,Nektar Therapeutics,NASDAQ,Pharmaceuticals: Major,68.5,72.13,4.14,4.47,682795.4999999994,613985.1333333323,42057982.0,-7.43,197,12.37,134,-8.14,287,-1.07,-1.12,False,False,False
OCTV,Octave Intelligence plc,NASDAQ,Packaged Software,18.82,18.12,4.04,4.82,2669227.8,2403512.7,45234109.0,-2.99,145,6.51,154,-7.52,283,-1.33,0.8,False,False,False
BTU,Peabody Energy Corporation,NYSE,Coal,27.35,25.14,4.27,4.42,2231316.9,2167554.1,59282605.0,10.86,57,6.42,157,-21.81,337,-1.51,1.99,False,False,False
ADSK,"Autodesk, Inc.",NASDAQ,Packaged Software,228.93,232.25,4.06,4.57,2345354.9,2040280.0,467081300.0,-11.95,261,15.73,118,-8.53,288,-1.58,-0.31,False,False,False
LUMN,"Lumen Technologies, Inc.",NYSE,Major Telecommunications,7.03,6.42,4.99,5.31,13510019.4,13570868.7,95403207.0,9.33,67,-18.07,263,3.84,237,-1.63,1.79,False,False,False
EXK,Endeavour Silver Corporation,NYSE,Precious Metals,9.72,9.36,5.54,6.39,8589794.1,8824275.6,85771959.0,-8.22,215,5.65,159,-2.8,261,-1.79,0.6,False,False,False
RDDT,"Reddit, Inc.",NYSE,Internet Software/Services,162.38,167.29,4.72,5.37,4416136.1,6372646.666666667,1034790366.0,-7.62,205,-10.76,224,12.76,207,-1.87,-0.55,False,False,False
GLXY,Galaxy Digital Inc.,NASDAQ,Investment Banks/Brokers,24.13,23.09,6.96,7.37,4648794.7,6156787.233333333,148563276.0,14.9,36,-27.23,316,6.07,229,-2.09,0.61,False,False,False
VKTX,"Viking Therapeutics, Inc.",NASDAQ,Pharmaceuticals: Major,31.53,34.84,4.27,4.55,1751300.3,1754223.3,55310661.0,-3.16,147,6.88,153,-10.58,299,-2.29,-2.08,False,False,False
NVT,nVent Electric plc,NYSE,Electronic Components,146.64,156.83,4.08,5.35,3237952.9,2351310.6333333333,344796191.0,-13.74,279,-14.4,240,21.19,172,-2.32,-1.22,False,False,False
IRTC,"iRhythm Holdings, Inc.",NASDAQ,Medical Specialties,114.72,119.5,4.35,4.82,560855.0,642829.5333333333,73745404.0,-7.07,194,0.76,181,-1.11,254,-2.48,-0.83,False,False,False
ACMR,"ACM Research, Inc.",NASDAQ,Industrial Machinery,66.86,81.78,5.7,7.87,863278.0999999999,875530.8333333338,58537992.0,-16.63,311,-30.61,334,39.44,122,-2.6,-2.32,False,False,False
CHWY,"Chewy, Inc.",NYSE,Internet Retail,21.35,22.4,5.18,5.44,10721802.2,7812534.433333334,166797610.0,-4.17,157,10.68,142,-14.94,309,-2.81,-0.86,False,False,False
AMBA,"Ambarella, Inc.",NASDAQ,Semiconductors,63.98,73.01,5.93,6.93,2541988.2,1582610.0666666667,101255392.0,-22.11,358,-8.15,212,21.32,171,-2.98,-1.79,False,False,False
INTU,Intuit Inc.,NASDAQ,Packaged Software,339.15,321.06,4.21,4.39,3167563.5,3787005.7,1284362983.0,-6.31,183,20.18,99,-24.73,348,-3.62,1.28,False,False,False
AXON,"Axon Enterprise, Inc.",NASDAQ,Aerospace & Defense,490.18,561.16,4.64,5.74,871985.5,898148.8666666667,440254611.0,-20.36,339,10.99,141,-2.37,259,-3.91,-2.21,False,False,False
CECO,CECO Environmental Corp.,NASDAQ,Industrial Machinery,70.67,74.88,5.02,6.37,716590.4,811937.8333333334,57379647.0,-8.34,217,-25.61,304,20.39,174,-4.52,-0.88,False,False,False
AG,First Majestic Silver Corp.,NYSE,Precious Metals,18.8,18.36,4.79,5.57,9054172.7,9847544.4,185133835.0,-2.24,139,-1.88,193,-10.39,296,-4.84,0.43,False,False,False
AESI,Atlas Energy Solutions Inc.,NYSE,Oilfield Services/Equipment,13.14,12.79,5.37,6.09,3263284.9,3249717.8666666667,42701293.0,11.17,54,-19.83,273,-6.01,277,-4.89,0.45,False,False,False
WDC,Western Digital Corporation,NASDAQ,Computer Peripherals,426.94,492.58,5.37,7.37,5413100.7,7022548.833333328,2998206999.0,-15.21,292,-37.83,368,37.92,125,-5.04,-1.81,False,False,False
BL,"BlackLine, Inc.",NASDAQ,Packaged Software,30.29,30.51,4.68,5.17,865335.9,1092359.6666666667,33087574.0,-3.41,149,6.47,156,-18.66,325,-5.2,-0.14,False,False,False
PINS,"Pinterest, Inc.",NYSE,Internet Software/Services,19.69,22.66,4.02,4.5,14892798.8,12157188.6,239375044.0,-15.35,294,-7.65,209,6.92,224,-5.36,-2.92,False,False,False
CRK,"Comstock Resources, Inc.",NYSE,Oil & Gas Production,14.3,13.88,4.83,4.72,3418886.7,2437586.8666666667,34857492.0,4.38,91,8.5,148,-30.72,375,-5.95,0.65,False,False,False
DKNG,DraftKings Inc.,NASDAQ,Movies/Entertainment,24.85,24.63,4.1,4.47,9253074.3,11837767.533333333,294168523.0,-3.27,148,-14.01,237,-1.31,256,-6.2,0.2,False,False,False
CLS,"Celestica, Inc.",NYSE,Electronic Components,316.08,325.57,4.84,6.64,2413113.0,2583823.1666666665,816694827.0,-9.6,238,-21.57,277,12.36,211,-6.27,-0.44,False,False,False
FMC,FMC Corporation,NYSE,Chemicals: Agricultural,10.98,11.16,5.87,5.76,3379728.4,3029415.066666667,33262977.0,7.65,73,-4.36,198,-23.43,341,-6.71,-0.27,False,False,False
TSEM,Tower Semiconductor Ltd.,NASDAQ,Semiconductors,191.12,227.04,5.17,7.51,1346628.8,1726855.2666666666,330036579.0,-24.61,376,-31.98,343,35.04,133,-7.18,-2.11,False,False,False
TMDX,"TransMedics Group, Inc.",NASDAQ,Medical Specialties,85.86,81.91,5.12,5.3,781918.9,858680.5666666667,73726313.0,-4.7,161,13.12,127,-30.66,374,-7.41,0.91,False,False,False
SUNB,"Sunbelt Rentals Holdings, Inc.",NYSE,Finance/Rental/Leasing,73.06,74.82,4.07,4.27,12116076.7,5844200.5,426977289.0,-10.89,253,-12.48,231,0.97,246,-7.47,-0.55,False,False,False
ALNY,"Alnylam Pharmaceuticals, Inc.",NASDAQ,Pharmaceuticals: Major,249.99,254.1,4.29,4.57,1724127.6,1817721.4,454412173.0,11.84,48,-13.24,235,-21.26,334,-7.55,-0.35,False,False,False
SPCX,Space Exploration Technologies Corp,NASDAQ,Specialty Telecommunications,148.15,134.8,4.11,5.22,80946801.1,105137439.36666666,15576111642.0,3.67,96,-26.11,307,-1.23,255,-7.89,1.9,False,False,False
REAL,"The RealReal, Inc.",NASDAQ,Internet Retail,9.76,11.14,4.47,5.44,2227957.9,3138803.5,30619028.0,-10.99,254,-12.28,230,-0.96,252,-8.08,-2.28,False,False,False
ONTO,Onto Innovation Inc.,NYSE,Electronic Equipment/Instruments,250.13,286.91,4.77,7.4,832084.1,1006295.2666666667,251704635.0,-25.82,383,-24.85,301,26.14,159,-8.18,-1.73,False,False,False
LAZ,"Lazard, Inc.",NYSE,Investment Banks/Brokers,39.74,43.1,4.39,4.75,1082957.7,1268748.3333333333,50420059.0,-11.69,257,-11.37,226,-1.56,257,-8.21,-1.64,False,False,False
VOYG,"Voyager Technologies, Inc.",NYSE,Information Technology Services,33.1,33.13,5.35,6.86,1104867.8,1505161.4333333333,49820843.0,-25.6,380,-15.56,245,15.98,192,-8.39,-0.01,False,False,False
GLW,Corning Incorporated,NYSE,Electronic Components,143.6,158.4,4.27,6.66,9581633.3,9614010.766666668,1380571946.0,-10.81,252,-23.37,293,8.78,219,-8.47,-1.4,False,False,False
BKV,BKV Corporation,NYSE,Integrated Oil,23.82,25.25,4.24,4.79,3448394.9,1788357.9666666666,42598687.0,-8.7,222,1.06,179,-18.12,324,-8.59,-1.18,False,False,False
KGS,"Kodiak Gas Services, Inc.",NYSE,Oilfield Services/Equipment,56.62,62.19,4.64,5.26,1638189.4,1648606.8333333333,93344119.0,-9.16,230,-17.49,260,0.6,248,-8.68,-1.7,False,False,False
SEI,"Solaris Energy Infrastructure, Inc.",NYSE,Oilfield Services/Equipment,61.11,58.81,5.41,7.51,3009190.6,2754053.4,168300203.0,1.01,113,-22.49,285,-4.72,269,-8.73,0.52,False,False,False
BBWI,"Bath & Body Works, Inc.",NYSE,Specialty Stores,17.91,19.61,5.49,5.51,5815858.2,6404113.166666667,114697667.0,-6.23,182,-10.67,223,-9.77,292,-8.89,-1.57,False,False,False
BTBT,"Bit Digital, Inc.",NASDAQ,Miscellaneous Commercial Services,1.52,1.5,7.59,8.8,28779634.2,30217168.766666666,45930097.0,1.33,109,-20.83,275,-7.6,286,-9.03,0.14,False,False,False
VAL,Valaris Limited,NYSE,Contract Drilling,81.27,81.69,4.2,4.31,1330976.0,1120782.8666666667,91086024.0,-6.02,180,-4.75,200,-16.47,314,-9.08,-0.12,False,False,False
UMAC,"Unusual Machines, Inc.",AMEX,Electronic Equipment/Instruments,22.66,23.14,7.38,9.56,2546352.3,4314232.4,97760506.0,-28.81,402,-8.37,213,9.47,216,-9.24,-0.22,False,False,False
WFRD,Weatherford International plc,NASDAQ,Oilfield Services/Equipment,84.46,88.43,4.7,4.58,1075942.6,893594.5,75472991.0,-8.57,220,-15.62,247,-3.52,262,-9.24,-0.98,False,False,False
ZG,"Zillow Group, Inc.",NASDAQ,Internet Software/Services,33.83,34.2,4.04,4.66,791933.8,1066364.8333333333,36075122.0,-6.91,190,3.49,167,-24.4,344,-9.27,-0.23,False,False,False
SFM,"Sprouts Farmers Market, Inc.",NASDAQ,Food Retail,75.09,80.29,4.7,4.81,1914721.9,1627526.7333333334,122210982.0,-8.88,227,-11.52,227,-7.57,285,-9.33,-1.35,False,False,False
RIG,Transocean Ltd (Switzerland),NYSE,Contract Drilling,5.45,5.49,4.34,4.41,41567639.4,40657666.266666666,221584281.0,-5.38,171,-5.55,201,-17.55,319,-9.49,-0.16,False,False,False
IREN,IREN Limited,NASDAQ,Data Processing Services,43.17,40.26,5.91,7.45,37570809.2,42701075.13333333,1843405414.0,-2.09,136,-28.12,322,1.1,245,-9.7,0.97,False,False,False
QUBT,Quantum Computing Inc.,NASDAQ,Information Technology Services,7.97,8.35,4.11,5.43,5812847.5,7426481.966666667,59189061.0,-9.33,233,-26.44,309,6.55,227,-9.74,-0.83,False,False,False
Z,"Zillow Group, Inc.",NASDAQ,Internet Software/Services,33.18,33.8,4.14,4.77,3335327.6,3688657.066666667,122389641.0,-7.74,209,3.11,169,-25.56,350,-10.06,-0.38,False,False,False
SHLS,"Shoals Technologies Group, Inc.",NASDAQ,Semiconductors,7.05,8.55,5.75,7.12,4376421.7,5235213.3,36908254.0,-13.6,277,-31.12,337,14.26,201,-10.15,-2.47,False,False,False
ACHR,Archer Aviation Inc.,NYSE,Aerospace & Defense,5.51,5.47,4.21,5.91,21489296.2,33890984.733333334,186739326.0,-20.38,341,0.18,183,-10.99,300,-10.39,0.11,False,False,False
CELC,Celcuity Inc.,NASDAQ,Medical Specialties,83.53,92.74,4.42,5.1,931687.6,806630.2333333333,67377823.0,0.59,117,-5.66,202,-26.82,359,-10.63,-1.95,False,False,False
INOD,Innodata Inc.,NASDAQ,Data Processing Services,55.24,61.25,4.03,5.81,761582.9,1330240.9666666666,73482511.0,-10.44,248,-44.45,395,22.54,167,-10.78,-1.69,False,False,False
AEO,"American Eagle Outfitters, Inc.",NYSE,Apparel/Footwear Retail,15.43,16.9,4.35,5.37,10148336.5,6401433.4,98774117.0,-5.34,169,-15.96,249,-11.37,302,-10.89,-1.62,False,False,False
ALM,Almonty Industries Inc.,NASDAQ,Other Metals/Minerals,14.7,15.32,8.33,8.86,7255117.6,6893129.266666667,101329000.0,4.78,90,-18.78,267,-19.05,327,-11.02,-0.46,False,False,False
HUBG,"Hub Group, Inc.",NASDAQ,Air Freight/Couriers,35.26,43.39,5.11,5.56,1381169.9,1330776.0333333334,46923163.0,-14.58,288,-22.59,286,4.01,236,-11.05,-3.37,False,False,False
CAR,"Avis Budget Group, Inc.",NASDAQ,Finance/Rental/Leasing,118.7,146.19,4.79,5.23,387157.4,337018.26666666666,40004068.0,-13.4,275,-36.69,361,16.69,185,-11.13,-3.6,False,False,False
SNPS,"Synopsys, Inc.",NASDAQ,Packaged Software,381.43,407.05,4.54,4.07,1772111.6,1685987.8666666667,643086352.0,-7.89,211,-15.61,246,-10.25,294,-11.25,-1.55,False,False,False
OLLI,"Ollie's Bargain Outlet Holdings, Inc.",NASDAQ,Department Stores,77.02,72.34,4.6,4.47,2350104.7,1621446.5333333334,124883812.0,0.4,119,-9.38,215,-25.6,351,-11.52,1.45,False,False,False
TER,"Teradyne, Inc.",NASDAQ,Electronic Production Equipment,329.2,365.02,4.45,7.16,2492283.9,2589152.0,852348838.0,-19.81,336,-23.84,297,8.58,220,-11.69,-1.37,False,False,False
RH,RH,NYSE,Specialty Stores,134.17,166.03,5.22,6.26,918549.4,773043.7,103719273.0,-25.77,382,-9.75,218,0.45,249,-11.69,-3.07,False,False,False
SHAK,"Shake Shack, Inc.",NYSE,Restaurants,63.51,65.57,4.31,4.35,1190314.6,1510615.9333333333,95939218.0,-14.75,290,8.29,150,-29.57,368,-12.01,-0.72,False,False,False
PRCT,PROCEPT BioRobotics Corporation,NASDAQ,Medical Specialties,21.02,20.21,5.01,5.63,1250951.6,1457148.7666666666,30629267.0,-4.89,162,-9.47,216,-21.77,336,-12.04,0.71,False,False,False
CELH,"Celsius Holdings, Inc.",NASDAQ,Beverages: Non-Alcoholic,28.45,29.91,4.47,5.39,7725503.299999992,11575009.799999993,329309029.0,-1.42,132,-0.33,184,-34.51,382,-12.09,-0.91,False,False,False
ORCL,Oracle Corporation,NYSE,Packaged Software,144.79,140.77,4.48,5.44,35961914.3,28730017.4,4159819219.0,-7.09,195,-23.8,296,-5.61,276,-12.17,0.52,False,False,False
MP,MP Materials Corp.,NYSE,Other Metals/Minerals,50.68,51.18,5.47,5.9,4704428.7,6297944.3,319179817.0,-9.98,243,-11.91,228,-14.81,308,-12.23,-0.17,False,False,False
STNE,StoneCo Ltd.,NASDAQ,Miscellaneous Commercial Services,9.93,10.45,4.31,4.38,7885147.1,5841691.833333333,58008000.0,0.4,118,-9.56,217,-28.19,365,-12.45,-1.13,False,False,False
CRDO,Credo Technology Group Holding Ltd,NASDAQ,Information Technology Services,150.09,221.26,7.24,10.79,10927732.5,6472164.333333333,971407145.0,-43.47,419,-41.4,384,47.16,112,-12.57,-2.98,False,False,False
WOLF,"Wolfspeed, Inc.",NYSE,Semiconductors,23.96,28.72,7.3,10.71,2600742.7000001147,3785351.4666666887,90697021.0,-23.33,365,-49.99,410,35.06,132,-12.75,-1.55,False,False,False
SOUN,"SoundHound AI, Inc.",NASDAQ,Packaged Software,6.47,6.74,4.36,5.26,24276972.6,28494577.233333334,184359915.0,-13.15,272,-10.3,222,-15.97,312,-13.14,-0.75,False,False,False
NXE,Nexgen Energy Ltd.,NYSE,Other Metals/Minerals,9.47,9.93,4.17,4.97,4042842.6,4790538.5,45366400.0,-9.55,237,-9.9,219,-20.42,330,-13.29,-0.94,False,False,False
UPST,"Upstart Holdings, Inc.",NASDAQ,Finance/Rental/Leasing,26.1,29.38,4.67,5.53,4171555.4,4615367.8,120461100.0,-15.81,303,-19.34,269,-4.74,270,-13.3,-2.02,False,False,False
IONQ,"IonQ, Inc.",NYSE,Computer Processing Hardware,37.5,39.87,5.84,7.06,21030104.4,19953086.666666668,748240750.0,-16.11,306,-37.45,366,13.46,204,-13.36,-0.84,False,False,False
CIFR,Cipher Digital Inc.,NASDAQ,Data Processing Services,15.64,18.76,8.01,11.05,32180442.9,35828427.666666664,560177467.0,-5.07,165,-39.87,380,4.44,234,-13.5,-1.51,False,False,False
FICO,Fair Isaac Corporation,NYSE,Financial Publishing/Services,1001.5,1144.21,4.23,5.6,477691.7,362530.2,363073995.0,-10.0,244,-15.24,244,-15.91,311,-13.72,-2.23,False,False,False
DPC,DPC Holdings PLC,NYSE,Electrical Products,39.96,46.74,7.87,8.99,1552960.0,1057499.2,42257668.0,-23.91,373,-9.18,214,-9.18,290,-14.09,-1.61,False,False,False
CRWV,"CoreWeave, Inc.",NASDAQ,Packaged Software,82.98,85.55,5.43,7.8,22955345.7,27480403.233333334,2280323860.0,-21.9,355,-23.38,294,2.81,240,-14.15,-0.39,False,False,False
NG,Novagold Resources Inc.,AMEX,Precious Metals,7.23,7.12,5.63,6.42,5293705.7,5235135.6,37850030.0,-8.02,212,-11.94,229,-22.59,339,-14.18,0.23,False,False,False
RDW,Redwire Corporation,NYSE,Aerospace & Defense,10.49,10.68,5.48,7.04,11353787.9,14723727.3,154451899.0,-21.72,353,-27.68,319,6.17,228,-14.41,-0.25,False,False,False
FORM,"FormFactor, Inc.",NASDAQ,Semiconductors,102.94,111.03,5.27,7.64,1113152.2,1133419.0,116674152.0,-20.5,345,-32.54,345,8.36,221,-14.89,-0.95,False,False,False
PLUG,"Plug Power, Inc.",NASDAQ,Electronic Production Equipment,2.06,2.19,4.65,5.85,46677468.0,59238728.8,122031781.0,-9.85,242,-24.82,299,-10.43,297,-15.03,-1.02,False,False,False
CHTR,"Charter Communications, Inc.",NASDAQ,Cable/Satellite TV,143.35,143.48,5.06,5.34,2783313.1,2636162.8333333335,377893942.0,-9.63,239,-0.8,187,-34.85,384,-15.09,-0.02,False,False,False
DNN,Denison Mines Corp,AMEX,Other Metals/Minerals,2.89,3.16,5.65,6.11,23974499.4,25602541.633333333,73991345.0,-11.35,255,-12.69,232,-21.25,333,-15.1,-1.41,False,False,False
EYE,"National Vision Holdings, Inc.",NASDAQ,Specialty Stores,17.51,19.56,4.3,4.61,2139990.0,2240193.1,39225781.0,-7.45,199,-1.52,191,-36.63,391,-15.2,-2.27,False,False,False
RZLV,Rezolve AI PLC,NASDAQ,Packaged Software,2.29,2.51,6.87,6.67,22706831.1,17959654.4,41127609.0,-13.26,273,-15.19,242,-17.92,322,-15.45,-1.34,False,False,False
CDNS,"Cadence Design Systems, Inc.",NASDAQ,Packaged Software,279.06,332.56,4.26,4.11,2637239.1,2251616.4,628336073.0,-14.07,281,-27.93,321,-4.41,268,-15.47,-3.91,False,False,False
POET,POET Technologies Inc.,NASDAQ,Electrical Products,7.43,8.0,5.3,7.54,8625048.4,10615483.666666705,78873044.0,-16.61,310,-45.17,398,14.48,198,-15.76,-0.95,False,False,False
TTMI,"TTM Technologies, Inc.",NASDAQ,Electronic Components,113.22,128.42,5.41,7.91,1713247.2,2602298.033333333,294632183.0,-18.43,326,-45.21,399,16.08,191,-15.86,-1.5,False,False,False
LMND,"Lemonade, Inc.",NYSE,Multi-Line Insurance,50.03,57.21,4.06,4.85,913178.8,1014254.7666666667,50743166.0,-5.67,174,-17.74,262,-24.53,346,-15.98,-2.59,False,False,False
NN,NextNav Inc.,NASDAQ,Packaged Software,15.54,15.49,5.13,6.73,2414326.6,2881401.7,44776982.0,-21.0,350,-19.73,272,-7.5,282,-16.08,0.04,False,False,False
SEDG,"SolarEdge Technologies, Inc.",NASDAQ,Electrical Products,35.33,39.84,7.03,8.5,3555738.1,3915299.8333333335,138327543.0,9.72,63,-41.56,385,-16.87,315,-16.24,-1.33,False,False,False
CORZ,"Core Scientific, Inc.",NASDAQ,Packaged Software,16.96,20.15,5.34,7.06,10929090.9,11632361.566666666,197284852.0,-13.78,280,-39.6,377,4.31,235,-16.36,-2.24,False,False,False
UEC,Uranium Energy Corp.,AMEX,Other Metals/Minerals,10.26,10.84,6.56,6.59,8221775.3,8103669.633333334,83143650.0,-8.8,223,-14.85,241,-25.92,354,-16.53,-0.82,False,False,False
STRL,"Sterling Infrastructure, Inc.",NASDAQ,Engineering & Construction,472.87,570.26,4.65,6.79,547064.9,632339.0333333333,299014159.0,-14.32,284,-45.65,401,10.05,215,-16.64,-2.51,False,False,False
COHR,Coherent Corp.,NYSE,Semiconductors,266.5,299.16,5.82,8.95,6064794.3,7093478.333333333,1890411976.0,-18.89,330,-37.11,364,5.78,231,-16.74,-1.22,False,False,False
OLED,Universal Display Corporation,NASDAQ,Electronic Production Equipment,76.62,83.38,4.7,4.51,794583.5,741484.7333333333,56812560.0,-15.54,301,-16.72,254,-17.99,323,-16.75,-1.8,False,False,False
RGTI,"Rigetti Computing, Inc.",NASDAQ,Computer Processing Hardware,15.27,16.09,4.98,6.4,16276223.7,17903321.333333332,273383717.0,-17.17,314,-30.75,335,-4.32,266,-17.41,-0.8,False,False,False
ECG,"Everus Construction Group, Inc.",NYSE,Engineering & Construction,111.24,128.35,4.2,5.61,402324.9,535818.4666666667,59604446.0,-18.36,324,-29.16,325,-4.78,271,-17.44,-2.37,False,False,False
UCTT,"Ultra Clean Holdings, Inc.",NASDAQ,Industrial Machinery,66.39,84.2,5.55,8.72,874930.8,1053272.4,69926755.0,-23.4,367,-41.77,387,12.7,208,-17.49,-2.42,False,False,False
MTSI,"MACOM Technology Solutions Holdings, Inc.",NASDAQ,Semiconductors,239.62,279.61,4.65,6.74,1259988.1,1356025.3333333333,324930790.0,-22.09,357,-37.28,365,6.89,225,-17.49,-2.12,False,False,False
GT,The Goodyear Tire & Rubber Company,NASDAQ,Automotive Aftermarket,5.32,6.49,5.09,5.2,8912889.7,8905306.033333333,47376228.0,-13.36,274,-19.52,270,-20.24,329,-17.7,-3.47,False,False,False
AXTI,AXT Inc,NASDAQ,Electronic Production Equipment,57.06,62.7,9.03,13.07,8477925.8,10778813.533333333,615039100.0,-27.3,393,-47.46,407,21.4,170,-17.79,-0.69,False,False,False
VIAV,Viavi Solutions Inc.,NASDAQ,Information Technology Services,33.82,38.94,5.54,7.79,4681519.099999999,4626975.466666658,156484310.0,-22.34,360,-37.81,367,6.74,226,-17.8,-1.69,False,False,False
WULF,TeraWulf Inc.,NASDAQ,Data Processing Services,15.47,17.68,6.13,8.29,27541380.7,30426128.9,470692214.0,-5.84,179,-44.65,396,-3.61,264,-18.04,-1.51,False,False,False
MOD,Modine Manufacturing Company,NYSE,Industrial Machinery,182.18,206.59,4.93,6.28,1193370.5,1256481.7,228905836.0,-9.7,240,-36.92,362,-7.54,284,-18.05,-1.88,False,False,False
IBP,"Installed Building Products, Inc.",NYSE,Engineering & Construction,200.3,232.12,4.59,5.2,449315.9,344842.06666666665,69071866.0,-19.12,332,-6.16,203,-29.04,367,-18.11,-2.64,False,False,False
VRT,"Vertiv Holdings, LLC",NYSE,Electronic Production Equipment,237.39,277.47,5.49,6.84,5924133.0,5014786.266666667,1190460112.0,-17.31,316,-24.45,298,-12.61,304,-18.12,-2.11,False,False,False
COCO,"The Vita Coco Company, Inc.",NASDAQ,Food: Specialty/Candy,55.03,64.78,4.16,4.8,1549188.1,1058320.5666666667,58239381.0,-15.36,296,-34.04,352,-5.19,273,-18.2,-3.13,False,False,False
TTD,"The Trade Desk, Inc.",NASDAQ,Packaged Software,14.97,16.14,4.04,4.77,18875732.299999993,26350831.033333343,394471941.0,3.28,100,-22.13,282,-35.86,387,-18.24,-1.51,False,False,False
QBTS,D-Wave Quantum Inc.,NASDAQ,Computer Processing Hardware,16.83,18.68,4.66,6.51,14715340.9,15924449.4,268008483.0,-18.39,325,-34.64,355,-2.43,260,-18.49,-1.52,False,False,False
MRCY,Mercury Systems Inc,NASDAQ,Aerospace & Defense,81.03,98.53,4.34,5.54,650776.9,759031.9666666667,61504360.0,-26.45,387,-29.44,327,0.35,251,-18.51,-3.21,False,False,False
APP,Applovin Corporation,NASDAQ,Packaged Software,334.24,373.73,4.2,4.9,4255091.2,5761118.566666666,1925596270.0,6.71,78,-36.03,360,-26.32,358,-18.54,-2.15,False,False,False
ALGM,"Allegro MicroSystems, Inc.",NASDAQ,Semiconductors,33.85,42.84,4.1,6.3,2053823.6,1994577.3333333333,67516443.0,-23.17,364,-38.35,372,5.32,233,-18.74,-3.33,False,False,False
ROAD,"Construction Partners, Inc.",NASDAQ,Engineering & Construction,96.91,106.52,4.33,4.83,489836.9,654122.4333333333,63391005.0,-18.24,322,-20.49,274,-17.48,317,-18.74,-1.87,False,False,False
LGN,Legence Corp.,NASDAQ,Engineering & Construction,52.78,63.31,5.18,6.93,863042.5,955649.7333333333,50439193.0,-17.62,317,-39.72,378,1.13,244,-18.74,-2.4,False,False,False
TNDM,"Tandem Diabetes Care, Inc.",NASDAQ,Medical Specialties,16.81,19.4,6.06,6.8,1545647.6,1922444.4,32316290.0,-26.66,389,-0.83,188,-29.69,370,-19.06,-1.97,False,False,False
ENPH,"Enphase Energy, Inc.",NASDAQ,Electrical Products,36.66,39.37,5.17,5.83,4307130.9,4086765.466666667,149820822.0,-10.4,247,-30.06,332,-16.89,316,-19.12,-1.18,False,False,False
PLAB,"Photronics, Inc.",NASDAQ,Electronic Production Equipment,27.16,30.06,5.92,5.63,1243842.2,1357210.9,36861848.0,-18.63,328,-17.25,258,-21.64,335,-19.17,-1.71,False,False,False
CENX,Century Aluminum Company,NASDAQ,Aluminum,41.54,45.64,4.69,6.15,1480873.4,1999733.6666666667,83068937.0,-10.47,249,-23.78,295,-25.4,349,-19.88,-1.46,False,False,False
ICHR,Ichor Holdings,NASDAQ,Industrial Machinery,51.38,71.44,5.08,8.41,668004.2,772611.3,39696769.0,-26.27,386,-41.73,386,8.28,222,-19.91,-3.34,False,False,False
AAON,"AAON, Inc.",NASDAQ,Industrial Machinery,75.54,91.38,4.1,5.55,1076669.1999999997,1178429.2333333336,89018544.0,-12.8,268,-42.56,390,-4.38,267,-19.91,-3.12,False,False,False
EQPT,EquipmentShare.com Inc,NASDAQ,Internet Software/Services,17.91,18.62,5.19,6.4,2280830.4,2321180.933333333,41572351.0,-15.36,295,-16.25,252,-28.16,364,-19.92,-0.59,False,False,False
WYFI,"WhiteFiber, Inc.",NASDAQ,Data Processing Services,17.59,24.99,7.46,12.1,1705931.1,2496451.9,43912589.0,-37.18,416,-40.63,381,17.27,184,-20.18,-2.45,False,False,False
POWI,"Power Integrations, Inc.",NASDAQ,Semiconductors,48.51,60.75,4.35,5.89,908988.4,735158.5666666667,35662542.0,-21.47,352,-42.33,389,2.78,241,-20.34,-3.42,False,False,False
NVTS,Navitas Semiconductor Corporation,NASDAQ,Semiconductors,10.89,12.38,5.92,8.16,9922789.8,12365518.9,134660501.0,-20.89,348,-52.88,416,12.62,210,-20.38,-1.48,False,False,False
SMR,NuScale Power Corporation,NYSE,Electrical Products,8.51,9.09,8.31,8.79,34537597.4,34346489.1,292288622.0,-12.9,270,-18.91,268,-29.67,369,-20.49,-0.72,False,False,False
MWH,"SOLV Energy, Inc.",NASDAQ,Engineering & Construction,25.24,28.03,5.02,6.13,1565965.2,1711965.3333333333,43210005.0,-23.61,370,-21.74,279,-16.17,313,-20.51,-1.62,False,False,False
BRBR,"BellRing Brands, Inc.",NYSE,Beverages: Non-Alcoholic,9.2,11.55,5.28,6.37,3022443.0,3514664.1666666665,32334910.0,-16.36,307,3.49,168,-49.39,408,-20.76,-3.19,False,False,False
AVAV,"AeroVironment, Inc.",NASDAQ,Aerospace & Defense,153.4,157.59,5.09,6.19,3079640.8,1839317.1666666667,282151253.0,-23.87,372,-9.94,220,-30.27,373,-21.36,-0.43,False,False,False
SOLS,Solstice Advanced Materials Inc.,NASDAQ,Chemicals: Major Diversified,57.78,60.54,4.12,4.85,2599511.6,2755540.6,159215136.0,-7.57,203,-33.69,349,-22.96,340,-21.41,-0.94,False,False,False
TTAN,"ServiceTitan, Inc.",NASDAQ,Packaged Software,58.99,82.83,8.22,9.68,5041044.1,2437031.7666666666,143760504.0,-36.91,415,-13.49,236,-14.3,306,-21.57,-2.97,False,False,False
EIX,Edison International,NYSE,Electric Utilities,56.13,70.77,5.25,5.72,9980560.9,5793431.833333333,325185329.0,-20.41,342,-22.23,283,-22.34,338,-21.66,-3.61,False,False,False
USAR,"USA Rare Earth, Inc.",NASDAQ,Metal Fabrication,15.71,17.27,6.75,7.4,12485875.9,13128549.033333333,206249505.0,-15.51,299,-30.95,336,-18.98,326,-21.81,-1.22,False,False,False
CASY,"Caseys General Stores, Inc.",NASDAQ,Specialty Stores,621.61,812.56,4.34,5.14,790174.1,463421.43333333335,288067397.0,-27.23,391,-28.81,324,-9.65,291,-21.9,-4.57,False,False,False
PCG,Pacific Gas & Electric Co.,NYSE,Electric Utilities,13.6,16.8,6.08,5.99,75727808.9,45084543.0,613149785.0,-21.97,356,-18.12,264,-26.25,357,-22.11,-3.18,False,False,False
ALHC,"Alignment Healthcare, Inc.",NASDAQ,Managed Health Care,12.94,16.16,4.28,5.31,4548446.9,5058621.666666667,65458564.0,-3.86,154,-35.46,357,-27.71,361,-22.34,-3.75,False,False,False
VICR,Vicor Corporation,NASDAQ,Electronic Components,184.73,217.05,5.97,8.39,650520.3,738047.5666666667,136339527.0,-18.26,323,-43.2,391,-6.46,279,-22.64,-1.78,False,False,False
QS,QuantumScape Corporation,NASDAQ,Electrical Products,5.2,5.8,4.1,5.14,10078816.9,14603170.4,75936486.0,-16.8,313,-26.76,313,-24.42,345,-22.66,-2.02,False,False,False
FLY,Firefly Aerospace Inc.,NASDAQ,Aerospace & Defense,21.36,22.67,5.66,7.2,2150674.4,2698520.7333333334,57640403.0,-23.03,363,-34.18,353,-11.26,301,-22.82,-0.8,False,False,False
CRML,Critical Metals Corp.,NASDAQ,Precious Metals,6.46,6.89,9.52,9.0,5317635.7,7225437.233333333,46676325.0,-3.44,151,-37.04,363,-28.14,363,-22.87,-0.7,False,False,False
PUMP,ProPetro Holding Corp.,NYSE,Oilfield Services/Equipment,10.5,11.78,5.1,6.05,3270788.7,2921123.8666666667,30671801.0,-9.72,241,-29.95,330,-29.01,366,-22.89,-1.79,False,False,False
BBAI,"BigBear.ai, Inc.",NYSE,Packaged Software,2.88,3.05,4.29,5.05,14833028.5,18538988.366666667,53392286.0,-14.79,291,-27.82,320,-27.09,360,-23.23,-1.08,False,False,False
LEU,Centrus Energy Corp.,NYSE,Other Metals/Minerals,146.25,174.4,8.19,8.16,745663.5,642161.9999999988,93916192.0,-23.83,371,-14.33,239,-31.93,377,-23.36,-1.98,False,False,False
BRUN,Boost Run Inc.,NASDAQ,Packaged Software,14.57,21.02,10.38,13.4,1924268.7,2191520.566666667,31930455.0,-44.48,421,-60.25,419,34.41,137,-23.44,-2.29,False,False,False
CAMT,Camtek Ltd.,NASDAQ,Electronic Components,133.84,146.98,4.41,6.62,421262.1,453032.0,60633803.0,-22.55,361,-32.04,344,-17.53,318,-24.04,-1.35,False,False,False
FLO,"Flowers Foods, Inc.",NYSE,Food: Specialty/Candy,6.0,7.4,4.05,4.53,8331211.700000005,6817756.899999978,40906541.0,-20.53,346,-21.67,278,-30.23,372,-24.14,-4.18,False,False,False
QNT,Quantinuum Inc.,NASDAQ,Computer Processing Hardware,49.1,57.36,5.19,7.67,1530960.0,1542175.9333333333,75720838.0,-28.22,400,-16.43,253,-27.79,362,-24.15,-1.88,False,False,False
UUUU,Energy Fuels Inc,AMEX,Other Metals/Minerals,12.34,13.46,6.03,6.83,5878570.5,6858165.033333333,84629757.0,-16.05,305,-22.05,281,-34.5,381,-24.2,-1.22,False,False,False
WING,Wingstop Inc.,NASDAQ,Restaurants,114.71,127.04,5.32,5.94,1159254.2,1191528.7,136680257.0,0.1,121,-31.52,340,-41.21,398,-24.21,-1.63,False,False,False
CIEN,Ciena Corporation,NYSE,Telecommunications Equipment,319.64,391.72,6.08,7.86,2962729.7,2254439.433333333,720609020.0,-27.62,397,-30.32,333,-14.99,310,-24.31,-2.34,False,False,False
AEIS,"Advanced Energy Industries, Inc.",NASDAQ,Electronic Production Equipment,254.35,296.57,4.52,6.61,473460.4,561665.2333333333,142859552.0,-22.6,362,-31.53,341,-19.51,328,-24.55,-2.15,False,False,False
BLDR,"Builders FirstSource, Inc.",NYSE,Home Improvement Chains,60.24,70.44,4.31,4.9,2616811.3,2076924.9333333333,125113958.0,-18.1,321,-23.21,291,-32.69,379,-24.66,-2.95,False,False,False
ALB,Albemarle Corporation,NYSE,Chemicals: Specialty,115.03,126.78,4.5,4.85,2609781.6,2287103.5,263085516.0,-12.88,269,-31.39,339,-29.97,371,-24.75,-1.91,False,False,False
LBRT,Liberty Energy Inc.,NYSE,Oilfield Services/Equipment,19.53,20.99,4.64,5.61,3302953.4,3540401.033333333,69144032.0,-7.7,208,-29.62,328,-37.5,392,-24.94,-1.24,False,False,False
APLD,Applied Digital Corporation,NASDAQ,Data Processing Services,24.58,28.26,5.59,7.7,14239341.0,15370504.233333327,377806994.0,-19.17,333,-46.57,404,-10.29,295,-25.34,-1.69,False,False,False
AAOI,"Applied Optoelectronics, Inc.",NASDAQ,Semiconductors,95.76,114.23,5.94,10.75,6363511.6,10560667.733333332,1011289542.0,-26.56,388,-50.69,412,0.44,250,-25.6,-1.5,False,False,False
FTAI,FTAI Aviation Ltd.,NASDAQ,Aerospace & Defense,176.0,208.4,4.47,6.08,1444750.9000000015,1322485.1333333335,232757383.0,-18.73,329,-33.97,351,-25.61,352,-26.1,-2.56,False,False,False
WHR,Whirlpool Corporation,NYSE,Electronics/Appliances,34.0,39.28,4.76,5.43,2845099.4,2467934.2666666666,83909765.0,-20.0,337,-18.18,265,-40.2,397,-26.13,-2.48,False,False,False
STUB,"StubHub Holdings, Inc.",NYSE,Internet Software/Services,6.09,8.29,4.61,6.12,6166738.3,6654561.733333333,40526281.0,-20.5,344,-46.86,406,-13.62,305,-26.99,-4.34,False,False,False
RKLB,Rocket Lab Corporation,NASDAQ,Aerospace & Defense,62.55,71.55,4.3,6.16,17987573.3,17958697.366666667,1123316520.0,-21.41,351,-41.93,388,-17.74,321,-27.03,-2.04,False,False,False
ASTS,"AST SpaceMobile, Inc.",NASDAQ,Specialty Telecommunications,60.0,64.53,5.73,7.25,9721021.0,10579594.366666667,634775662.0,-15.54,300,-29.99,331,-36.62,390,-27.38,-0.97,False,False,False
ONDS,Ondas Inc,NASDAQ,Telecommunications Equipment,7.23,7.97,5.45,6.82,58029101.7,69431785.43333334,501991809.0,-23.33,366,-23.17,290,-36.44,389,-27.65,-1.37,False,False,False
IPGP,IPG Photonics Corporation,NASDAQ,Semiconductors,74.9,87.48,4.0,5.36,415021.3,545767.9666666667,40878021.0,-10.73,251,-37.89,370,-35.35,385,-27.99,-2.68,False,False,False
MTZ,"MasTec, Inc.",NYSE,Engineering & Construction,227.7,292.83,4.36,5.93,1351141.5,1478295.6333333333,336607916.0,-20.91,349,-39.21,375,-24.59,347,-28.24,-3.75,False,False,False
CBRS,Cerebras Systems Inc.,NASDAQ,Packaged Software,181.21,201.32,6.24,8.94,6113675.9,7209534.0,1306439656.0,-19.46,335,-17.07,257,-48.23,406,-28.25,-1.12,False,False,False
EOSE,"Eos Energy Enterprises, Inc.",NASDAQ,Electrical Products,3.82,3.9,7.07,8.85,28206852.4,26540094.433333334,101383161.0,-7.28,196,-46.31,403,-32.75,380,-28.78,-0.22,False,False,False
RUN,Sunrun Inc.,NASDAQ,Semiconductors,8.33,10.15,4.62,6.0,7025123.2,8206574.466666667,68360765.0,-15.73,302,-33.01,347,-37.7,393,-28.81,-2.99,False,False,False
NXT,Nextpower Inc.,NASDAQ,Electronic Equipment/Instruments,82.62,96.03,4.32,5.44,1954445.0,2155634.7666666666,178098544.0,-20.18,338,-34.28,354,-32.17,378,-28.88,-2.57,False,False,False
BURL,"Burlington Stores, Inc.",NYSE,Apparel/Footwear Retail,232.24,324.53,5.04,4.69,1753326.7,1384174.9333333333,321460787.0,-33.93,409,-31.18,338,-24.29,343,-29.8,-6.06,False,False,False
DY,"Dycom Industries, Inc.",NYSE,Engineering & Construction,286.83,381.78,5.28,6.02,662573.2,631907.9333333333,181250153.0,-29.87,406,-39.78,379,-20.71,331,-30.12,-4.13,False,False,False
AGX,"Argan, Inc.",NYSE,Engineering & Construction,392.56,538.38,5.95,7.55,462106.7,336186.5,131973372.0,-29.54,404,-43.39,392,-17.62,320,-30.18,-3.59,False,False,False
FRMI,Fermi Inc.,NASDAQ,Real Estate Development,5.05,6.12,7.18,9.0,15493833.7,18111685.666666668,91464013.0,-24.63,377,-31.76,342,-34.75,383,-30.38,-1.95,False,False,False
MAIR,Madison Air Solutions Corporation,NYSE,Industrial Machinery,23.66,30.49,5.32,6.38,2376239.4,2637882.3,62412295.0,-26.04,385,-39.08,374,-26.06,355,-30.4,-3.51,False,False,False
JOBY,"Joby Aviation, Inc.",NYSE,Aerospace & Defense,6.3,7.46,4.14,5.43,27823442.6,28312621.1,178369513.0,-21.79,354,-34.72,356,-35.58,386,-30.7,-2.86,False,False,False
KTOS,"Kratos Defense & Security Solutions, Inc.",NASDAQ,Aerospace & Defense,47.58,52.01,4.39,5.59,3469174.6,3711895.966666667,176612010.0,-27.91,399,-15.95,248,-49.6,409,-31.15,-1.52,False,False,False
HYMC,Hycroft Mining Holding Corporation,NASDAQ,Precious Metals,20.55,22.93,7.24,8.38,1854859.9,1889289.0333333383,38824890.0,-25.05,378,-26.71,312,-45.43,403,-32.4,-1.24,False,False,False
LUNR,"Intuitive Machines, Inc.",NASDAQ,Aerospace & Defense,13.88,15.42,5.42,7.65,5705927.3,8971626.266666668,124526173.0,-27.6,395,-44.45,394,-26.13,356,-32.72,-1.3,False,False,False
FPS,"Forgent Power Solutions, Inc.",NYSE,Electrical Products,28.64,36.25,5.82,7.8,6414904.2,5690798.833333333,162984479.0,-25.69,381,-52.48,415,-21.01,332,-33.06,-2.69,False,False,False
UAMY,United States Antimony Corporation,NYSE,Other Metals/Minerals,4.73,5.6,6.87,8.58,6463269.1,7167696.133333334,33903203.0,-11.59,256,-35.91,359,-53.17,413,-33.55,-1.81,False,False,False
OKLO,Oklo Inc.,NYSE,Industrial Machinery,36.21,42.84,7.13,7.96,10270673.2,10167391.933333334,368161262.0,-22.15,359,-39.59,376,-39.84,396,-33.86,-1.94,False,False,False
CAVA,"CAVA Group, Inc.",NYSE,Restaurants,54.89,65.78,4.21,5.23,2928110.7,3249636.1333333333,178372527.0,-25.06,379,-37.84,369,-38.94,395,-33.95,-3.17,False,False,False
EROC,"ERock, Inc.",NYSE,Electrical Products,11.26,12.34,9.11,11.75,2399280.1,2844758.3333333335,32031979.0,-29.84,405,-29.62,329,-43.98,402,-34.48,-0.75,False,False,False
TE,T1 Energy Inc.,NYSE,Electrical Products,4.37,5.27,7.14,10.11,19195741.1,27170279.7,118734122.0,-10.63,250,-50.28,411,-43.02,399,-34.65,-1.69,False,False,False
DKS,Dick's Sporting Goods Inc,NYSE,Specialty Stores,130.77,185.23,5.05,5.74,3105195.1,4199199.2,549129279.0,-34.74,410,-40.95,383,-31.17,376,-35.62,-5.12,False,False,False
SOC,Sable Offshore Corp.,NYSE,Integrated Oil,4.82,4.54,6.46,8.29,6650639.3,8608361.066666666,41492300.0,16.14,28,-51.8,414,-72.07,422,-35.91,0.73,False,False,False
XE,"X-Energy, Inc.",NASDAQ,Industrial Machinery,15.64,17.63,9.4,10.49,8082063.0,5999440.333333333,93831247.0,-32.24,408,-24.99,302,-51.16,410,-36.13,-1.08,False,False,False
UTI,Universal Technical Institute Inc,NYSE,Miscellaneous Commercial Services,20.33,32.04,6.18,7.92,1545484.3,1866883.1333333333,37953734.0,-20.71,347,-45.28,400,-45.54,404,-37.18,-4.61,False,False,False
OPEN,Opendoor Technologies Inc,NASDAQ,Real Estate Development,2.79,3.78,4.59,6.55,29353424.7,37924993.9,105810733.0,-24.18,375,-39.08,373,-48.81,407,-37.36,-3.99,False,False,False
LASR,"nLIGHT, Inc.",NASDAQ,Semiconductors,38.45,56.73,5.11,8.32,1416512.3,1477555.8666666667,56812023.0,-23.6,369,-43.8,393,-46.04,405,-37.82,-3.87,False,False,False
LCID,"Lucid Group, Inc.",NASDAQ,Motor Vehicles,4.16,5.99,7.89,9.66,10948009.699999979,10757845.333333338,44752637.0,-35.6,412,-18.59,266,-60.08,417,-38.09,-3.17,False,False,False
RCAT,"Red Cat Holdings, Inc.",NASDAQ,Packaged Software,7.8,8.74,5.49,7.44,5648052.9,8125791.3,63381172.0,-31.4,407,-33.9,350,-54.13,415,-39.81,-1.45,False,False,False
PL,Planet Labs PBC,NYSE,Packaged Software,16.2,22.16,6.72,7.7,15536860.1,8506406.0,137803777.0,-34.84,411,-46.04,402,-38.87,394,-39.91,-3.5,False,False,False
CAPR,"Capricor Therapeutics, Inc.",NASDAQ,Pharmaceuticals: Major,8.81,11.37,10.68,12.37,3603057.1,8932141.0,78692162.0,15.01,34,-67.13,422,-71.81,421,-41.31,-1.82,False,False,False
AMPX,"Amprius Technologies, Inc.",NYSE,Electrical Products,9.17,10.55,4.46,6.63,4468245.3,5358135.2,49134100.0,-28.94,403,-45.09,397,-52.68,411,-42.24,-1.97,False,False,False
INIO,INNIO N.V.,NASDAQ,Electrical Products,17.45,25.79,7.7,9.89,4246173.1,3658425.066666667,63839517.0,-36.1,414,-49.67,409,-43.71,401,-43.16,-3.27,False,False,False
RARE,Ultragenyx Pharmaceutical Inc.,NASDAQ,Pharmaceuticals: Major,13.61,25.93,6.66,11.98,7298216.3,3859438.1666666665,52526953.0,-48.25,422,-46.71,405,-36.31,388,-43.76,-3.97,False,False,False
FLNC,"Fluence Energy, Inc.",NASDAQ,Electrical Products,9.41,12.96,5.41,8.37,5746230.6,7174109.033333333,67508366.0,-27.62,396,-61.12,420,-43.55,400,-44.09,-3.27,False,False,False
HTZ,"Hertz Global Holdings, Inc",NASDAQ,Finance/Rental/Leasing,1.97,2.03,6.96,9.17,14503112.1,41427937.96666667,81613038.0,-19.26,334,-61.52,421,-53.65,414,-44.81,-0.32,False,False,False
BW,"Babcock & Wilcox Enterprises, Inc.",NYSE,Electronic Equipment/Instruments,7.03,9.15,6.6,10.24,4712567.1,5230967.766666667,36773703.0,-26.77,390,-56.17,417,-52.98,412,-45.31,-2.26,False,False,False
KRMN,Karman Holdings Inc.,NYSE,Aerospace & Defense,34.74,49.18,7.26,8.17,3560564.3,2816978.0,97861816.0,-43.13,418,-28.28,323,-66.31,420,-45.91,-3.59,False,False,False
FRVO,Fervo Energy Company,NASDAQ,Alternative Power Generation,14.96,21.03,10.09,12.41,10270633.5,5827496.6,87179349.0,-27.24,392,-57.62,418,-58.44,416,-47.77,-2.33,False,False,False
VISN,"Vistance Networks, Inc.",NASDAQ,Telecommunications Equipment,6.46,10.57,4.36,7.9,8108028.0,9803578.266666668,63380133.0,-43.66,420,-49.13,408,-63.72,419,-52.17,-4.91,False,False,False
