name,description,exchange,industry,underlying,paired_etf,instrument_type,close,SMA30,SMA50,ADRP,ATRP,average_volume_10d_calc,average_volume_30d_calc,dollar_volume_30d,average_dollar_volume_30d,Perf.1M,perf_1m_rank,Perf.3M,perf_3m_rank,Perf.6M,perf_6m_rank,Perf.Y,perf_1y_rank,momentum_score,atr_extension_from_50d,is_top_1m,is_top_3m,is_top_6m,is_top_1y
SNDK,Sandisk Corporation,NASDAQ,Computer Peripherals,SNDK,SNXX,Stock,1727.92,1668.1,1565.3,5.26,5.6,7067731.6,9535645.366666667,16476832342.0,15906363947.0,8.95,18,-5.87,27,97.71,7,1280.13,1,345.23,1.85,False,False,True,True
LITE,Lumentum Holdings Inc.,NASDAQ,Electrical Products,LITE,LITX,Stock,1100.51,948.4,903.0,5.19,5.76,4348427.2,4413078.2,4856614624.0,4185353803.0,27.76,6,45.73,6,21.19,20,583.59,2,169.57,3.8,True,True,False,True
MU,"Micron Technology, Inc.",NASDAQ,Semiconductors,MU,MUU,Stock,1086.35,1010.3,967.13,3.88,4.22,24890495.3,25118729.133333333,27287731394.0,25377418552.0,11.84,15,6.87,17,158.48,5,457.53,3,158.68,2.92,False,False,True,True
DELL,Dell Technologies Inc.,NYSE,Computer Processing Hardware,DELL,DLLL,Stock,579.92,531.7,497.95,4.03,4.88,5845982.399999998,9221191.533333335,5347553394.0,4902922907.0,12.87,12,30.66,9,216.51,1,279.53,4,134.89,3.38,False,True,True,True
HPE,Hewlett Packard Enterprise Company,NYSE,Computer Processing Hardware,HPE,,Stock,72.82,59.68,57.13,4.3,4.94,18888124.8,24688616.13333336,1797701584.0,1473486562.0,35.22,2,58.69,3,191.14,2,186.0,11,117.76,5.56,True,True,True,False
AMD,"Advanced Micro Devices, Inc.",NASDAQ,Semiconductors,AMD,AMDL,Stock,642.96,550.69,522.59,3.27,3.64,18494230.2,20177573.766666666,12973372829.0,11111551105.0,39.17,1,19.67,12,169.02,4,199.26,10,106.78,6.32,True,False,True,True
MRVL,"Marvell Technology, Inc.",NASDAQ,Semiconductors,MRVL,MVLL,Stock,280.82,243.44,232.35,4.34,5.03,18589700.7,20667276.6,5803887951.0,5031221148.0,32.68,3,14.08,14,127.09,6,215.64,8,97.37,4.14,True,False,True,True
BE,Bloom Energy Corporation,NYSE,Electronic Production Equipment,BE,BEX,Stock,288.32,261.15,242.77,6.4,6.67,13941379.5,15386021.9,4436159378.0,4018077057.0,21.75,8,4.43,18,78.11,11,224.58,6,82.22,2.81,True,False,False,True
INTC,Intel Corporation,NASDAQ,Semiconductors,INTC,INTW,Stock,112.9,106.81,102.3,4.81,5.2,94947126.0,100767412.5,11376640871.0,10762933740.0,22.12,7,-1.71,22,83.52,10,208.13,9,78.01,1.99,True,False,True,True
ALAB,"Astera Labs, Inc.",NASDAQ,Semiconductors,ALAB,LABX,Stock,374.34,318.56,314.5,5.76,6.26,3666124.2,3854428.3,1442866690.0,1227885951.0,30.89,5,-10.41,33,177.84,3,69.3,14,66.9,3.04,True,False,True,False
STX,Seagate Technology Holdings PLC,NASDAQ,Computer Peripherals,STX,,Stock,796.77,857.17,856.19,5.85,7.03,4681640.1,4104270.566666667,3270159659.0,3518066494.0,-2.68,26,-13.61,35,57.88,13,225.68,5,66.82,-0.99,False,False,False,True
COHR,Coherent Corp.,NYSE,Semiconductors,COHR,COHX,Stock,325.89,297.14,301.05,5.35,6.24,6237703.0,6267575.533333333,2042540191.0,1862328591.0,20.84,9,-2.76,24,10.12,26,180.11,12,52.08,1.32,True,False,False,False
WDC,Western Digital Corporation,NASDAQ,Computer Peripherals,WDC,WDCX,Stock,403.32,447.55,461.65,5.69,7.07,9446562.6,7431728.733333332,2997364833.0,3326104876.0,-10.81,34,-32.12,38,17.26,22,216.42,7,47.69,-1.79,False,False,False,True
CRDO,Credo Technology Group Holding Ltd,NASDAQ,Information Technology Services,CRDO,CRDU,Stock,213.35,191.11,208.73,5.91,6.74,7834206.4,8751324.4,1867095061.0,1672442269.0,31.62,4,-22.18,37,97.22,8,45.44,15,38.02,0.33,True,False,True,False
SMCI,"Super Micro Computer, Inc.",NASDAQ,Computer Processing Hardware,SMCI,SMCX,Stock,44.36,39.87,37.37,4.29,4.89,31024239.3,35355792.43333333,1568382952.0,1409706156.0,16.25,11,54.3,4,87.65,9,-21.15,26,34.26,3.83,False,True,True,False
PLTR,Palantir Technologies Inc.,NASDAQ,Packaged Software,PLTR,PTIR,Stock,193.38,181.55,173.71,2.81,3.1,17133330.8,24225302.466666665,4684810118.0,4398204602.0,7.43,19,51.41,5,50.52,17,7.25,21,29.15,3.65,False,True,False,False
NOW,"ServiceNow, Inc.",NYSE,Packaged Software,NOW,NOWL,Stock,139.78,137.36,131.17,3.51,4.01,8977453.9,13471179.4,1883001457.0,1850338337.0,-2.47,25,37.01,8,57.22,15,-23.53,27,17.06,1.64,False,True,False,False
META,"Meta Platforms, Inc.",NASDAQ,Internet Software/Services,META,METU,Stock,724.38,673.44,633.49,3.67,3.26,19127875.6,21197066.666666668,15354731152.0,14274938445.0,18.3,10,24.04,11,14.17,23,0.93,23,14.36,4.41,True,False,False,False
CRM,"Salesforce, Inc.",NYSE,Packaged Software,CRM,CRMG,Stock,224.91,241.77,223.28,3.3,3.77,8780976.8,14358493.133333333,3229368691.0,3471424168.0,-14.6,36,42.05,7,31.33,19,-8.75,24,12.51,0.19,False,True,False,False
MSTR,Strategy Inc,NASDAQ,Internet Software/Services,MSTR,MSTX,Stock,154.49,145.04,127.55,5.29,5.81,17927687.7,23378310.4,3611715174.0,3390868068.0,12.48,14,64.25,2,18.79,21,-56.95,38,9.64,3.63,False,True,False,False
BMNR,"BitMine Immersion Technologies, Inc.",NYSE,Financial Conglomerates,BMNR,BMNU,Stock,24.46,25.61,23.05,5.53,6.57,29597048.5,39567907.06666667,967831007.0,1013307721.0,-3.45,28,66.85,1,13.35,24,-62.37,39,3.59,0.93,False,True,False,False
CRCL,"Circle Internet Group, Inc.",NYSE,Packaged Software,CRCL,CRCG,Stock,80.92,89.61,82.52,5.84,7.09,9615610.2,13766319.066666666,1113970539.0,1233622795.0,-17.41,39,28.55,10,-8.1,36,-46.76,33,-10.93,-0.27,False,True,False,False
