setting,value
min_dollar_volume,1000000000.0
min_adr_pct,4.0
min_avg_volume_10d,350000.0
top_pct,0.05
max_atr_extension,4.0
min_etf_avg_volume_30d,1000000.0
tight_atr_length,14.0
tight_ema_length,9.0
tight_coil_length,5.0
tight_fast_coil_length,3.0
tight_contraction_lookback,10.0
tight_max_close_spread_pct,4.0
tight_max_fast_close_spread_pct,2.5
tight_max_coil_range_atr,2.5
tight_max_true_range_ratio,0.85
tight_max_current_day_range_pct,100.0
tight_rmv_lookback,15.0
tight_rmv_tight_threshold,15.0
