name,description,exchange,industry,underlying,instrument_type,close,SMA30,SMA50,ADRP,ATRP,average_volume_10d_calc,average_volume_30d_calc,dollar_volume_30d,average_dollar_volume_30d,Perf.1M,perf_1m_rank,Perf.3M,perf_3m_rank,Perf.6M,perf_6m_rank,Perf.Y,perf_1y_rank,momentum_score,atr_extension_from_50d,is_top_1m,is_top_3m,is_top_6m,is_top_1y
MUU,2× MU leveraged ETF,US,Semiconductors,MU,2x ETF,37.83,33.54,31.37,7.57,8.06,26909756.1,24091528.7,911502966.0,807969639.0,11.1,16,10.52,15,412.24,2,1484.25,1,479.53,2.56,False,False,True,True
SNDK,Sandisk Corporation,NASDAQ,Computer Peripherals,SNDK,Stock,1723.9,1667.96,1565.22,5.27,5.62,7048593.8,9529266.1,16427549476.0,15894447390.0,8.7,19,-6.09,25,97.25,7,1276.92,2,344.2,1.81,False,False,True,True
LITE,Lumentum Holdings Inc.,NASDAQ,Electrical Products,LITE,Stock,1104.46,948.53,903.08,5.17,5.74,4344666.9,4411824.766666667,4872683982.0,4184746675.0,28.22,7,46.26,7,21.63,21,586.04,3,170.54,3.88,True,True,False,True
DELL,Dell Technologies Inc.,NYSE,Computer Processing Hardware,DELL,Stock,580.91,531.73,497.97,4.03,4.87,5834077.299999998,9217223.166666668,5354377110.0,4901117088.0,13.07,13,30.89,10,217.05,3,280.18,5,135.29,3.42,False,True,True,True
BE,Bloom Energy Corporation,NYSE,Electronic Production Equipment,BE,Stock,286.69,261.1,242.74,6.43,6.71,13919834.5,15378840.233333332,4409010457.0,4015365614.0,21.06,10,3.84,17,77.1,11,222.74,7,81.19,2.7,True,False,False,True
INTC,Intel Corporation,NASDAQ,Semiconductors,INTC,Stock,113.1,106.82,102.3,4.8,5.19,94824597.0,100726569.5,11392175010.0,10759242823.0,22.34,8,-1.54,20,83.84,10,208.68,10,78.33,2.03,True,False,True,True
STX,Seagate Technology Holdings PLC,NASDAQ,Computer Peripherals,STX,Stock,799.3,857.26,856.24,5.84,7.0,4671483.0,4100884.8666666667,3277837274.0,3515510208.0,-2.38,24,-13.33,31,58.38,13,226.71,6,67.35,-0.95,False,False,False,True
ALAB,"Astera Labs, Inc.",NASDAQ,Semiconductors,ALAB,Stock,371.24,318.46,314.44,5.8,6.32,3657161.9,3851440.8666666667,1429789650.0,1226535636.0,29.8,6,-11.16,29,175.54,5,67.9,14,65.52,2.86,True,False,True,False
WDC,Western Digital Corporation,NASDAQ,Computer Peripherals,WDC,Stock,403.73,447.57,461.66,5.68,7.06,9430885.3,7426502.966666666,2998302043.0,3323867555.0,-10.72,32,-32.05,37,17.38,23,216.74,8,47.84,-1.78,False,False,False,True
CRDO,Credo Technology Group Holding Ltd,NASDAQ,Information Technology Services,CRDO,Stock,213.29,191.11,208.72,5.91,6.74,7815161.1,8744975.966666667,1865215924.0,1671211547.0,31.58,5,-22.21,36,97.16,8,45.4,16,37.98,0.32,True,False,True,False
SMCI,"Super Micro Computer, Inc.",NASDAQ,Computer Processing Hardware,SMCI,Stock,44.29,39.87,37.37,4.29,4.89,30924700.6,35322612.86666667,1564484443.0,1408302331.0,16.07,12,54.06,6,87.36,9,-21.27,21,34.05,3.79,False,True,True,False
PTIR,2× PLTR leveraged ETF,US,Packaged Software,PLTR,2x ETF,22.43,20.03,18.72,5.37,5.79,2046750.1,2810690.033333333,63043778.0,56285005.0,21.31,9,81.77,1,30.41,19,-26.28,24,26.8,3.43,True,True,False,False
MSTR,Strategy Inc,NASDAQ,Internet Software/Services,MSTR,Stock,155.14,145.07,127.56,5.27,5.79,17881405.3,23362882.933333334,3624517658.0,3389136613.0,12.95,14,64.94,3,19.29,22,-56.77,33,10.1,3.74,False,True,False,False
CRMG,2× CRM leveraged ETF,US,Packaged Software,CRM,2x ETF,7.53,8.85,7.76,6.69,7.71,962583.3,2121371.1,15973925.0,18780498.0,-26.1,38,58.53,5,24.67,20,-36.46,27,5.16,-0.38,False,True,False,False
BMNR,"BitMine Immersion Technologies, Inc.",NYSE,Financial Conglomerates,BMNR,Stock,24.46,25.61,23.05,5.53,6.57,29567959.9,39558210.86666667,967791629.0,1013066001.0,-3.43,26,66.88,2,13.37,25,-62.36,34,3.61,0.94,False,True,False,False
NOWL,2× NOW leveraged ETF,US,Packaged Software,NOW,2x ETF,7.64,7.53,7.0,6.75,7.76,3340434.4,5213191.466666667,39802718.0,39231872.0,-4.8,28,41.65,8,38.82,16,-64.24,35,2.86,1.16,False,True,False,False
